goal_diff,won,game_ids,goals,shots,blocked_shots,penalty_minutes,power_play_percentage,power_play_goals,power_play_chances,faceoff_percent,takeaways,giveaways,hits,ice_tilt
3,yes,2020020001,3,-7,2,0,33.400000000000006,1.0,0.0,16.0,-2,0,8,-1058.0
4,yes,2020020002,4,10,5,-2,16.700000000000003,1.0,1.0,1.7999999999999972,0,0,2,89.0
1,yes,2020020003,1,2,-5,-2,-16.700000000000003,0.0,1.0,8.0,-1,-4,-18,1328.0
-2,no,2020020004,-2,-4,3,-4,0.0,0.0,2.0,3.5999999999999943,-1,4,-1,695.0
-3,no,2020020005,-3,-5,-8,-4,25.0,1.0,2.0,8.799999999999997,3,5,1,405.0
-2,no,2020020006,-2,-2,-4,-2,-16.700000000000003,0.0,1.0,-1.7999999999999972,1,2,1,265.0
0,no,2020020007,0,-15,7,0,-40.0,-2.0,0.0,-14.799999999999997,9,13,13,756.0
-4,no,2020020008,-4,-9,-9,8,-25.0,-2.0,-5.0,-17.599999999999994,1,-1,-1,-931.0
2,yes,2020020009,2,27,-11,-4,0.0,0.0,2.0,12.200000000000003,17,2,-8,2993.0
-3,no,2020020010,-3,-29,7,2,-33.3,-1.0,-1.0,-19.200000000000003,-2,8,-8,-2347.0
2,yes,2020020011,2,5,5,-2,0.0,0.0,1.0,-8.0,-6,4,-2,8.0
1,yes,2020020012,1,8,-4,-2,-8.299999999999997,0.0,1.0,9.0,3,0,-1,1548.0
3,yes,2020020013,3,6,19,2,50.0,2.0,-1.0,-7.200000000000003,-3,1,13,208.0
0,no,2020020014,0,2,-9,0,0.0,0.0,0.0,9.400000000000006,5,3,3,-2512.0
3,yes,2020020015,3,7,8,0,0.0,0.0,0.0,-15.799999999999997,0,8,1,-1526.0
-1,no,2020020016,-1,7,5,4,25.0,1.0,-2.0,22.599999999999994,2,6,-4,-0.0
-1,no,2020020017,-1,10,1,-10,0.0,0.0,5.0,6.200000000000003,2,2,-12,-1645.0
3,yes,2020020018,3,-13,-6,-2,-3.3000000000000007,0.0,1.0,-8.0,-2,3,-6,-1590.0
3,yes,2020020019,3,0,2,2,-25.0,-1.0,-1.0,0.0,2,1,6,1548.0
1,yes,2020020020,1,14,8,-14,-25.0,0.0,2.0,3.4000000000000057,1,2,-10,-280.0
2,yes,2020020021,2,1,9,-10,-20.0,-1.0,0.0,-10.400000000000006,5,3,21,238.0
8,yes,2020020022,8,17,3,-6,71.4,5.0,3.0,0.0,6,-4,0,-66.0
1,yes,2020020023,1,3,-3,-2,0.0,0.0,1.0,-29.800000000000004,1,7,8,-168.0
5,yes,2020020024,5,9,-14,-18,12.5,1.0,4.0,-10.799999999999997,5,6,-9,467.0
2,yes,2020020025,2,-10,7,6,-20.0,-1.0,-3.0,6.400000000000006,4,5,-9,-986.0
3,yes,2020020026,3,-11,-7,-2,0.0,0.0,1.0,8.799999999999997,1,2,5,885.0
-1,no,2020020027,-1,-21,15,-2,-25.0,-1.0,1.0,-25.0,3,6,15,2152.0
3,yes,2020020028,3,3,3,-4,50.0,3.0,2.0,-20.0,1,-2,5,1466.0
-4,no,2020020029,-4,-1,-10,-2,-50.0,-1.0,1.0,20.799999999999997,3,4,-2,-1513.0
2,yes,2020020030,2,-8,5,2,-16.700000000000003,-1.0,-1.0,19.200000000000003,-1,4,-1,1211.0
1,yes,2020020031,1,11,1,2,0.0,0.0,-1.0,0.0,-1,-1,6,1896.0
-1,no,2020020032,-1,-11,6,0,0.0,0.0,0.0,-9.0,2,13,1,-1482.0
4,yes,2020020033,4,-2,-9,-4,25.0,1.0,2.0,11.599999999999994,2,5,-3,-654.0
3,yes,2020020034,3,6,6,-2,-8.299999999999997,0.0,1.0,6.599999999999994,8,11,6,845.0
0,no,2020020035,0,4,1,-2,-25.0,-1.0,1.0,6.200000000000003,4,-3,-13,1656.0
1,yes,2020020036,1,-10,5,-4,0.0,0.0,2.0,1.7999999999999972,5,-1,5,1397.0
-5,no,2020020037,-5,-15,-5,6,-50.0,-2.0,-3.0,-13.0,0,5,-4,-650.0
-1,no,2020020038,-1,8,4,-2,0.0,0.0,1.0,18.0,3,9,3,449.0
1,yes,2020020039,1,7,-7,0,-66.7,-2.0,0.0,-1.5999999999999943,-1,-4,5,-1694.0
-2,no,2020020040,-2,9,5,-2,-5.0,0.0,1.0,33.400000000000006,-1,0,3,-918.0
2,yes,2020020041,2,10,-1,6,100.0,1.0,-3.0,29.199999999999996,4,-1,-6,804.0
3,yes,2020020042,3,5,-4,-6,28.6,2.0,3.0,6.200000000000003,-1,8,-4,-132.0
-2,no,2020020043,-2,-8,4,-4,-20.0,-1.0,2.0,11.200000000000003,1,5,-14,-189.0
2,yes,2020020044,2,-4,7,0,-20.0,-1.0,0.0,-2.799999999999997,-2,1,-9,-451.0
1,yes,2020020045,1,-7,8,6,0.0,0.0,-3.0,6.599999999999994,0,3,5,1865.0
-1,no,2020020046,-1,22,-8,-8,-16.700000000000003,1.0,4.0,-1.7999999999999972,-1,9,4,3763.0
3,yes,2020020047,3,-10,9,2,0.0,0.0,-1.0,3.200000000000003,3,7,19,-700.0
-3,no,2020020048,-3,-4,6,-6,25.0,1.0,3.0,-25.0,-3,2,6,23.0
1,yes,2020020049,1,-6,-3,-4,-50.0,0.0,2.0,-9.0,1,1,-3,-839.0
1,yes,2020020050,1,4,2,-2,66.7,2.0,1.0,25.799999999999997,0,0,-17,345.0
1,yes,2020020051,1,3,-7,2,100.0,1.0,-1.0,28.599999999999994,1,1,-3,115.0
-2,no,2020020052,-2,10,4,0,-33.400000000000006,-1.0,0.0,3.200000000000003,-2,4,-5,-185.0
-1,no,2020020053,-1,13,9,0,20.0,1.0,0.0,8.799999999999997,7,-2,1,-1666.0
-1,no,2020020054,-1,1,-2,6,0.0,-1.0,-3.0,-3.799999999999997,0,8,6,610.0
0,no,2020020055,0,-15,5,4,0.0,0.0,-2.0,10.200000000000003,0,2,1,828.0
-2,no,2020020056,-2,4,-13,2,-33.3,-1.0,-1.0,16.0,-2,3,-5,1204.0
0,no,2020020057,0,-8,-3,-10,-50.0,2.0,5.0,-7.200000000000003,2,2,-4,1185.0
3,yes,2020020058,3,6,0,-6,14.3,1.0,3.0,3.799999999999997,-4,0,0,-62.0
-1,no,2020020059,-1,-8,5,4,-25.0,-1.0,-2.0,10.400000000000006,3,-2,1,-1447.0
0,no,2020020060,0,17,-6,4,-6.700000000000003,-1.0,-2.0,25.799999999999997,-2,-3,3,-1889.0
3,yes,2020020061,3,4,8,-4,66.7,2.0,2.0,26.599999999999994,1,0,-3,-1055.0
-1,no,2020020062,-1,-2,-1,2,8.299999999999997,0.0,-1.0,19.400000000000006,-3,4,3,1476.0
-1,no,2020020063,-1,-12,1,-6,25.0,1.0,3.0,9.0,-2,-3,-10,1499.0
-3,no,2020020064,-3,0,7,8,0.0,0.0,-4.0,-10.200000000000003,-3,12,37,867.0
-4,no,2020020065,-4,-25,13,14,8.9,0.0,-4.0,-1.5999999999999943,-4,7,7,-1848.0
2,yes,2020020066,2,1,4,-2,15.0,1.0,1.0,-7.400000000000006,3,3,1,-558.0
0,no,2020020067,0,5,-1,2,0.0,0.0,-1.0,-20.0,3,4,4,-1167.0
0,no,2020020068,0,-6,0,4,25.0,0.0,-2.0,32.0,3,7,-10,908.0
3,yes,2020020069,3,-3,7,0,40.0,2.0,0.0,-13.799999999999997,0,3,-7,-1594.0
2,yes,2020020070,2,-3,-2,0,100.0,2.0,0.0,12.0,7,9,-8,-539.0
3,yes,2020020071,3,0,12,0,0.0,0.0,0.0,-15.200000000000003,0,1,1,257.0
7,yes,2020020072,7,-6,-1,-6,62.5,5.0,3.0,-12.599999999999994,-4,9,7,-1953.0
3,yes,2020020073,3,-5,-8,-4,8.299999999999997,1.0,2.0,-18.400000000000006,4,2,-2,876.0
-1,no,2020020074,-1,6,10,-2,-25.0,-1.0,1.0,-7.599999999999994,-1,-1,-1,-480.0
5,yes,2020020075,5,9,4,-4,75.0,3.0,2.0,-8.400000000000006,3,-2,2,-983.0
2,yes,2020020076,2,3,-2,0,20.0,1.0,0.0,1.4000000000000057,3,9,5,355.0
3,yes,2020020077,3,-4,1,2,-33.3,-1.0,-1.0,-1.5999999999999943,3,0,0,686.0
2,yes,2020020078,2,7,14,6,30.0,0.0,-3.0,11.799999999999997,0,-3,7,645.0
3,yes,2020020079,3,17,0,-2,66.7,2.0,1.0,5.599999999999994,1,-3,-9,856.0
-3,no,2020020080,-3,-8,6,0,0.0,0.0,0.0,21.400000000000006,4,9,12,-681.0
2,yes,2020020081,2,-4,-3,0,50.0,1.0,0.0,-22.0,6,2,-4,1399.0
0,no,2020020082,0,-17,1,4,6.700000000000003,-1.0,-2.0,-2.799999999999997,1,5,5,-277.0
1,yes,2020020083,1,-7,-1,4,0.0,0.0,-2.0,-1.7999999999999972,2,6,1,1999.0
4,yes,2020020084,4,8,3,6,10.0,-1.0,-3.0,0.0,-2,2,-8,-1141.0
-3,no,2020020085,-3,-4,2,4,-25.0,-1.0,-2.0,0.0,2,-4,17,738.0
-1,no,2020020086,-1,0,7,2,50.0,1.0,-1.0,-1.7999999999999972,-2,6,-5,-460.0
-1,no,2020020087,-1,1,-12,0,0.0,0.0,0.0,-4.0,-2,3,4,1601.0
-2,no,2020020088,-2,-7,7,0,0.0,0.0,0.0,-14.200000000000003,5,2,-3,-355.0
1,yes,2020020089,1,5,-9,0,50.0,2.0,0.0,-1.5999999999999943,0,-2,-6,1079.0
-1,no,2020020090,-1,-11,1,0,0.0,0.0,0.0,-22.799999999999997,2,0,-7,2166.0
2,yes,2020020091,2,-18,7,2,0.0,0.0,-1.0,-9.0,1,1,10,2598.0
6,yes,2020020092,6,-1,3,6,0.0,0.0,-3.0,27.200000000000003,-2,-1,6,-849.0
1,yes,2020020093,1,6,4,6,33.3,1.0,-3.0,39.400000000000006,3,-7,-3,1246.0
1,yes,2020020094,1,-6,-2,-2,50.0,2.0,1.0,39.199999999999996,3,2,-7,-412.0
-2,no,2020020095,-2,-5,-7,8,-40.0,-2.0,-4.0,-3.4000000000000057,2,6,0,506.0
1,yes,2020020096,1,3,-5,-1,50.0,1.0,-1.0,0.0,-2,5,-4,1260.0
-2,no,2020020097,-2,4,0,2,8.299999999999997,0.0,-1.0,12.400000000000006,10,12,-7,240.0
0,no,2020020098,0,-9,2,-6,0.0,0.0,3.0,0.0,-1,2,6,1947.0
1,yes,2020020099,1,19,-7,-4,-50.0,-1.0,2.0,6.400000000000006,-6,3,3,-3047.0
2,yes,2020020100,2,7,-6,-6,-80.0,-1.0,3.0,17.799999999999997,-2,3,3,1706.0
-1,no,2020020101,-1,5,-2,-6,-25.0,0.0,2.0,10.799999999999997,2,1,6,3494.0
-1,no,2020020102,-1,12,-8,0,0.0,0.0,0.0,-1.7999999999999972,5,6,7,1476.0
1,yes,2020020103,1,1,-2,-2,25.0,1.0,1.0,7.599999999999994,0,-1,4,843.0
4,yes,2020020104,4,12,-8,10,20.0,1.0,0.0,-5.799999999999997,-2,-2,-2,1698.0
-1,no,2020020105,-1,7,-4,-4,0.0,0.0,2.0,-9.0,1,3,0,-1674.0
0,no,2020020106,0,21,-2,-2,-3.3000000000000007,0.0,1.0,-6.0,-1,4,-10,3040.0
0,no,2020020107,0,12,4,0,0.0,0.0,0.0,19.0,7,0,8,-2894.0
4,yes,2020020108,4,-8,-2,2,8.299999999999997,0.0,-1.0,0.0,-2,5,-9,-231.0
3,yes,2020020109,3,3,0,2,50.0,1.0,-1.0,25.599999999999994,3,-4,-6,1505.0
-1,no,2020020110,-1,-14,2,-2,25.0,1.0,1.0,5.200000000000003,-1,9,0,2089.0
-2,no,2020020111,-2,17,-7,-4,0.0,0.0,2.0,-47.199999999999996,-1,1,0,-1742.0
3,yes,2020020112,3,-7,5,-10,33.400000000000006,1.0,0.0,-10.799999999999997,1,-4,-4,-1357.0
1,yes,2020020113,1,3,0,-2,0.0,0.0,1.0,-1.7999999999999972,6,8,-2,-506.0
0,no,2020020114,0,-4,3,-4,33.3,1.0,2.0,-8.799999999999997,-3,3,9,-25.0
2,yes,2020020115,2,-4,0,2,41.7,1.0,-1.0,0.0,-5,6,-8,-1825.0
-1,no,2020020116,-1,2,-4,-6,-21.4,0.0,3.0,5.799999999999997,-1,3,-6,-1344.0
3,yes,2020020117,3,-12,8,2,25.0,1.0,-1.0,9.0,1,2,-14,-509.0
2,yes,2020020118,2,-7,15,17,-28.6,-2.0,-3.0,-10.200000000000003,3,-1,1,-1738.0
4,yes,2020020119,4,6,14,8,35.7,0.0,-5.0,0.0,7,6,6,300.0
3,yes,2020020120,3,17,-3,0,25.0,1.0,0.0,10.400000000000006,2,3,-3,1619.0
1,yes,2020020121,1,18,-5,-6,-30.0,0.0,3.0,13.200000000000003,1,2,8,-3240.0
4,yes,2020020122,4,19,2,-2,66.7,2.0,1.0,-5.0,10,-2,2,3079.0
-1,no,2020020123,-1,5,-10,-2,-16.700000000000003,0.0,1.0,14.799999999999997,1,4,-7,1638.0
0,no,2020020124,0,-3,0,0,0.0,0.0,0.0,21.799999999999997,7,-5,0,529.0
-1,no,2020020125,-1,-4,4,-2,20.0,1.0,1.0,-14.799999999999997,2,8,3,816.0
1,yes,2020020126,1,-11,3,6,0.0,0.0,-3.0,0.0,0,0,-7,-3438.0
1,yes,2020020127,1,-20,16,6,75.0,0.0,-3.0,-10.200000000000003,3,0,23,-1313.0
3,yes,2020020128,3,15,-2,2,43.3,2.0,-1.0,6.0,1,-5,-12,682.0
1,yes,2020020129,1,7,0,-4,-11.399999999999999,0.0,2.0,23.599999999999994,3,2,4,-233.0
-1,no,2020020130,-1,1,4,-2,-66.7,-2.0,1.0,5.0,3,1,-5,1057.0
-2,no,2020020131,-2,4,-13,2,-16.7,-1.0,-1.0,-5.0,-2,3,-6,1132.0
-3,no,2020020132,-3,-15,0,4,0.0,0.0,-2.0,-10.0,2,8,-4,-252.0
1,yes,2020020133,1,2,-6,0,0.0,0.0,0.0,16.200000000000003,1,2,2,-170.0
-4,no,2020020134,-4,-13,14,10,-28.6,-2.0,-5.0,4.599999999999994,2,-1,16,-1221.0
-5,no,2020020135,-5,-6,-1,-2,-50.0,-1.0,1.0,-2.0,-1,1,1,-1397.0
-2,no,2020020136,-2,-4,1,-2,50.0,2.0,1.0,16.200000000000003,-1,6,6,615.0
1,yes,2020020137,1,-7,-3,4,8.3,0.0,-2.0,1.7999999999999972,0,-6,-4,-1655.0
0,no,2020020138,0,11,-2,0,20.0,1.0,0.0,5.799999999999997,3,0,-14,2846.0
-1,no,2020020139,-1,4,0,2,-50.0,-2.0,-1.0,-3.5999999999999943,-2,-3,-5,661.0
2,yes,2020020140,2,3,0,0,0.0,0.0,0.0,-7.0,-2,1,-9,-778.0
3,yes,2020020141,3,-7,2,0,40.0,2.0,0.0,18.200000000000003,5,-2,-5,1884.0
1,yes,2020020142,1,8,6,2,0.0,0.0,-1.0,6.0,1,5,5,512.0
-3,no,2020020143,-3,3,5,0,0.0,0.0,0.0,10.400000000000006,1,4,5,-1499.0
2,yes,2020020144,2,-2,7,4,25.0,1.0,-2.0,-41.599999999999994,2,0,1,-1180.0
-2,no,2020020145,-2,-7,11,0,25.0,1.0,0.0,0.0,1,9,-10,1129.0
3,yes,2020020146,3,-3,6,-2,25.0,1.0,1.0,-11.599999999999994,7,-1,-1,-98.0
4,yes,2020020147,4,11,4,0,33.3,1.0,0.0,1.7999999999999972,-4,8,-4,376.0
0,no,2020020148,0,0,-1,-4,50.0,2.0,2.0,0.0,8,0,2,-915.0
-2,no,2020020149,-2,-1,5,4,-60.0,-3.0,-2.0,-18.599999999999994,-1,2,4,76.0
1,yes,2020020150,1,-13,2,2,16.700000000000003,0.0,-1.0,8.400000000000006,-2,-1,7,-448.0
-1,no,2020020151,-1,1,3,0,0.0,0.0,0.0,-3.799999999999997,-1,7,2,-93.0
-3,no,2020020152,-3,-7,-7,0,-33.400000000000006,-1.0,0.0,-12.799999999999997,4,7,2,453.0
0,no,2020020153,0,-8,8,-2,50.0,1.0,1.0,-11.799999999999997,0,0,-6,-659.0
1,yes,2020020154,1,-6,-3,-4,-50.0,-1.0,3.0,11.799999999999997,1,0,-2,764.0
2,yes,2020020155,2,-6,-2,-2,-33.3,-1.0,1.0,2.799999999999997,0,5,-6,-518.0
1,yes,2020020156,1,-3,14,4,0.0,0.0,-2.0,-13.799999999999997,4,10,1,-1324.0
2,yes,2020020157,2,0,0,6,0.0,0.0,-3.0,-5.0,-1,7,-9,539.0
1,yes,2020020158,1,3,-9,0,-33.3,-1.0,0.0,16.599999999999994,-6,5,-6,457.0
-1,no,2020020159,-1,-10,5,4,-75.0,-3.0,-2.0,7.400000000000006,-5,5,1,-1103.0
4,yes,2020020160,4,11,-2,0,0.0,0.0,0.0,-8.0,3,3,3,-520.0
-2,no,2020020161,-2,-22,3,0,0.0,0.0,0.0,-9.0,2,11,2,-1928.0
-6,no,2020020162,-6,-25,-1,6,0.0,0.0,-3.0,0.0,6,-2,15,2457.0
3,yes,2020020163,3,27,2,-6,0.0,0.0,3.0,12.400000000000006,2,5,-13,-2652.0
2,yes,2020020164,2,-2,9,4,0.0,0.0,-1.0,-8.799999999999997,5,4,3,405.0
-1,no,2020020165,-1,-5,4,0,0.0,0.0,0.0,-21.400000000000006,0,-2,1,-1173.0
1,yes,2020020166,1,2,9,4,25.0,0.0,-2.0,9.400000000000006,3,1,2,-106.0
1,yes,2020020167,1,-3,12,0,-33.3,-1.0,0.0,1.7999999999999972,-1,6,9,1251.0
2,yes,2020020168,2,1,10,-2,60.0,3.0,1.0,-24.599999999999994,3,8,2,114.0
-1,no,2020020169,-1,13,-16,-4,0.0,0.0,2.0,23.0,-3,-2,5,-2803.0
-1,no,2020020170,-1,16,-1,0,-25.0,-1.0,0.0,-13.799999999999997,-1,-2,9,3525.0
4,yes,2020020171,4,18,-2,-4,-13.299999999999997,0.0,2.0,12.200000000000003,-8,-7,-12,1677.0
3,yes,2020020172,3,3,5,2,0.0,0.0,-1.0,13.599999999999994,2,-4,3,-976.0
-4,no,2020020173,-4,7,-15,-4,25.0,1.0,2.0,1.5999999999999943,-4,4,3,1781.0
-1,no,2020020174,-1,1,-1,-6,20.0,1.0,3.0,-15.799999999999997,-4,-5,-6,2427.0
2,yes,2020020175,2,4,2,-2,0.0,0.0,1.0,-6.400000000000006,0,0,3,-107.0
1,yes,2020020176,1,11,-1,-2,0.0,0.0,1.0,19.400000000000006,-4,7,15,-352.0
3,yes,2020020177,3,7,3,-4,-25.0,0.0,2.0,7.599999999999994,-1,7,-9,-925.0
0,no,2020020178,0,7,8,0,0.0,0.0,0.0,14.799999999999997,-1,1,-14,235.0
1,yes,2020020179,1,9,-2,-4,-33.3,-1.0,2.0,13.0,-2,0,8,-2203.0
-5,no,2020020180,-5,17,-9,-4,-50.0,-1.0,2.0,28.599999999999994,2,4,1,-3422.0
1,yes,2020020181,1,-5,0,-2,100.0,1.0,1.0,7.0,0,-2,-9,892.0
-1,no,2020020182,-1,6,0,-2,16.700000000000003,1.0,1.0,31.199999999999996,-3,0,12,-777.0
-1,no,2020020183,-1,3,-9,-6,-16.599999999999998,0.0,3.0,14.200000000000003,1,10,1,-1978.0
4,yes,2020020184,4,3,5,0,0.0,0.0,0.0,7.200000000000003,2,11,-9,1060.0
2,yes,2020020185,2,-4,9,4,13.299999999999997,0.0,-2.0,-1.4000000000000057,4,0,8,-407.0
3,yes,2020020186,3,-5,8,-15,0.0,0.0,-1.0,-1.7999999999999972,7,3,3,-1811.0
0,no,2020020187,0,6,-12,-4,0.0,0.0,2.0,10.0,-1,-2,0,-1220.0
-3,no,2020020188,-3,14,3,6,100.0,1.0,-3.0,-4.599999999999994,0,0,10,919.0
-3,no,2020020189,-3,-2,-6,-2,0.0,0.0,1.0,1.7999999999999972,4,5,1,1433.0
-1,no,2020020190,-1,-4,2,-6,-30.0,0.0,3.0,-11.400000000000006,-6,9,1,-307.0
3,yes,2020020191,3,-12,18,4,25.0,0.0,-2.0,2.0,3,-4,-8,3111.0
3,yes,2020020192,3,-8,-4,2,75.0,2.0,-1.0,14.799999999999997,4,4,1,-136.0
-1,no,2020020193,-1,-4,-7,2,-25.0,-1.0,-1.0,0.0,4,8,-4,-366.0
1,yes,2020020194,1,1,-3,4,50.0,1.0,-2.0,-16.400000000000006,-1,2,-1,-1747.0
0,no,2020020195,0,11,0,2,0.0,0.0,-2.0,11.799999999999997,0,-5,-1,-1594.0
-2,no,2020020196,-2,0,5,-4,0.0,0.0,2.0,22.799999999999997,4,6,0,-13.0
1,yes,2020020197,1,-2,10,0,0.0,0.0,0.0,-23.599999999999994,0,6,-2,864.0
-3,no,2020020198,-3,-11,1,-2,-8.299999999999997,0.0,1.0,-5.400000000000006,-1,2,4,694.0
-2,no,2020020199,-2,-7,-6,4,0.0,0.0,-2.0,-3.799999999999997,1,-1,-6,2976.0
2,yes,2020020200,2,-13,4,4,-25.0,-1.0,-2.0,0.0,-1,4,-10,-1629.0
1,yes,2020020201,1,-7,-8,2,50.0,0.0,-1.0,-6.0,4,1,-8,3806.0
5,yes,2020020202,5,2,9,-2,100.0,3.0,1.0,15.200000000000003,2,6,2,-724.0
1,yes,2020020203,1,-10,2,4,100.0,1.0,-2.0,-9.599999999999994,9,5,7,36.0
-5,no,2020020204,-5,3,-4,12,-60.0,-3.0,-1.0,1.7999999999999972,-5,-1,-4,-942.0
-1,no,2020020205,-1,20,-7,-2,0.0,0.0,1.0,12.400000000000006,-1,1,-1,-1348.0
1,yes,2020020206,1,2,-2,0,0.0,0.0,0.0,11.200000000000003,5,6,2,1507.0
1,yes,2020020207,1,7,-1,0,0.0,0.0,0.0,8.400000000000006,0,-5,-4,1132.0
-1,no,2020020208,-1,6,-6,4,-25.0,-1.0,-2.0,20.799999999999997,2,3,14,771.0
6,yes,2020020209,6,7,-9,12,33.3,1.0,-2.0,10.400000000000006,3,5,-14,-391.0
1,yes,2020020210,1,8,9,2,-50.0,-1.0,-1.0,-19.200000000000003,-12,3,10,-1067.0
0,no,2020020211,0,-13,9,-4,25.0,1.0,2.0,0.0,3,4,6,-31.0
-1,no,2020020212,-1,3,8,0,0.0,0.0,0.0,-38.0,0,0,8,20.0
-2,no,2020020213,-2,11,-9,0,0.0,0.0,0.0,-5.799999999999997,0,-5,0,679.0
-6,no,2020020214,-6,-7,-5,2,0.0,0.0,-1.0,-11.599999999999994,3,-4,4,-749.0
0,no,2020020215,0,-6,6,0,100.0,1.0,0.0,12.200000000000003,1,6,-6,382.0
0,no,2020020216,0,4,-9,4,0.0,0.0,-2.0,13.400000000000006,4,7,3,1545.0
3,yes,2020020217,3,8,0,0,-33.400000000000006,-1.0,0.0,20.0,4,-4,5,-381.0
-1,no,2020020218,-1,-17,3,2,-16.700000000000003,-1.0,-1.0,5.400000000000006,-3,6,-5,-1158.0
1,yes,2020020219,1,-3,2,0,25.0,1.0,0.0,7.599999999999994,2,-1,3,176.0
-3,no,2020020220,-3,7,-2,2,-33.3,-1.0,-2.0,-9.400000000000006,1,3,18,1480.0
4,yes,2020020221,4,-16,3,0,50.0,1.0,0.0,-4.200000000000003,-2,3,-3,-1648.0
-2,no,2020020222,-2,8,-2,-2,0.0,0.0,1.0,-14.200000000000003,-8,2,-9,1702.0
2,yes,2020020223,2,-26,8,0,0.0,0.0,0.0,-13.200000000000003,-1,2,4,-3366.0
-2,no,2020020224,-2,5,-6,-4,-13.299999999999997,0.0,2.0,-6.799999999999997,5,0,20,1559.0
2,yes,2020020225,2,-17,-7,0,0.0,0.0,0.0,1.5999999999999943,4,4,-14,-819.0
-1,no,2020020226,-1,-7,-13,10,0.0,0.0,0.0,-11.200000000000003,2,2,-13,-740.0
4,yes,2020020227,4,0,4,-8,0.0,2.0,4.0,-20.799999999999997,-3,0,-8,-1601.0
-1,no,2020020228,-1,-9,-6,-14,0.0,0.0,2.0,-8.799999999999997,10,4,8,-580.0
-1,no,2020020229,-1,0,-2,-4,0.0,0.0,2.0,20.599999999999994,1,2,-5,-138.0
2,yes,2020020230,2,12,1,2,100.0,1.0,-1.0,-27.0,6,-3,9,-992.0
2,yes,2020020231,2,6,-6,-4,25.0,1.0,2.0,4.599999999999994,2,6,10,1904.0
-5,no,2020020232,-5,6,-4,-2,-33.3,-1.0,1.0,-3.5999999999999943,5,4,11,-229.0
1,yes,2020020233,1,0,-10,-2,0.0,0.0,1.0,29.400000000000006,2,0,-1,467.0
-2,no,2020020234,-2,-7,2,4,0.0,0.0,-2.0,-17.0,0,6,6,-1280.0
-1,no,2020020235,-1,-3,17,-2,0.0,0.0,1.0,2.799999999999997,3,1,-30,859.0
-1,no,2020020236,-1,2,-12,0,0.0,0.0,0.0,0.0,5,-4,4,832.0
2,yes,2020020237,2,27,-7,4,0.0,0.0,-2.0,9.400000000000006,5,4,-1,906.0
0,no,2020020238,0,8,-8,2,8.299999999999997,0.0,-1.0,-4.599999999999994,4,9,-4,1623.0
-1,no,2020020239,-1,1,14,0,0.0,0.0,0.0,-3.4000000000000057,-2,5,22,-47.0
-2,no,2020020240,-2,18,0,-2,-50.0,-1.0,1.0,20.799999999999997,0,8,-2,1964.0
-4,no,2020020241,-4,1,2,-6,-75.0,0.0,3.0,-1.7999999999999972,4,0,-3,-1754.0
3,yes,2020020242,3,7,9,4,25.0,0.0,-2.0,23.400000000000006,5,7,-4,1047.0
1,yes,2020020243,1,-6,-3,-4,0.0,0.0,2.0,-11.599999999999994,4,-1,1,164.0
-1,no,2020020244,-1,15,-1,2,0.0,0.0,-1.0,8.0,2,5,3,-1156.0
-2,no,2020020245,-2,-8,-2,0,0.0,0.0,0.0,-7.599999999999994,1,0,-2,189.0
-1,no,2020020246,-1,5,2,2,0.0,0.0,-1.0,11.200000000000003,-2,2,1,1224.0
-1,no,2020020247,-1,7,7,2,50.0,1.0,-1.0,-1.5999999999999943,1,12,-4,1574.0
-1,no,2020020248,-1,21,-1,0,0.0,0.0,0.0,0.0,-1,2,20,-2173.0
-1,no,2020020249,-1,6,3,-4,8.299999999999997,1.0,2.0,22.0,2,1,-5,858.0
0,no,2020020250,0,18,-4,4,-6.700000000000003,-1.0,-2.0,0.0,-3,2,0,1372.0
1,yes,2020020251,1,-5,7,-4,0.0,0.0,2.0,-2.200000000000003,-2,-2,14,263.0
1,yes,2020020252,1,1,3,-2,50.0,1.0,1.0,10.0,5,2,3,2216.0
-3,no,2020020253,-3,-4,-8,0,0.0,0.0,0.0,-4.400000000000006,4,9,10,-391.0
-1,no,2020020254,-1,-1,4,6,-33.3,-2.0,-3.0,-3.0,1,6,-7,389.0
4,yes,2020020255,4,-6,1,2,100.0,2.0,-1.0,14.200000000000003,5,-1,-7,285.0
-2,no,2020020256,-2,10,-2,-2,0.0,0.0,1.0,9.400000000000006,2,1,11,-2294.0
-2,no,2020020257,-2,-15,0,4,0.0,0.0,-2.0,0.0,1,-3,5,-154.0
0,no,2020020258,0,8,-1,0,-50.0,-1.0,0.0,-1.4000000000000057,2,-5,-1,516.0
-1,no,2020020259,-1,4,-1,2,50.0,1.0,-1.0,1.7999999999999972,11,0,7,868.0
4,yes,2020020260,4,1,0,0,33.3,1.0,0.0,10.0,-1,4,-21,-1237.0
-2,no,2020020261,-2,3,0,0,-33.3,-1.0,0.0,36.199999999999996,-1,-3,10,1601.0
1,yes,2020020262,1,0,9,0,0.0,0.0,0.0,3.799999999999997,1,10,-17,552.0
-4,no,2020020263,-4,3,-5,-2,0.0,0.0,1.0,-29.199999999999996,-4,-1,6,2486.0
1,yes,2020020264,1,-5,10,8,-3.3000000000000007,0.0,1.0,10.400000000000006,3,11,5,1405.0
-1,no,2020020265,-1,1,3,2,66.7,2.0,-1.0,21.400000000000006,-2,2,-3,447.0
0,no,2020020266,0,-11,-10,0,-20.0,-1.0,0.0,-9.599999999999994,-2,1,1,385.0
3,yes,2020020267,3,5,1,-12,-33.3,-1.0,1.0,3.799999999999997,9,11,-10,-250.0
3,yes,2020020268,3,-10,9,2,0.0,0.0,-1.0,-15.400000000000006,3,2,14,2309.0
1,yes,2020020269,1,13,-13,-6,50.0,2.0,3.0,15.400000000000006,3,-9,-4,-1266.0
4,yes,2020020270,4,-6,6,-2,66.7,2.0,1.0,7.400000000000006,6,4,-30,-842.0
-2,no,2020020271,-2,9,-1,4,-20.0,-1.0,-2.0,-17.400000000000006,-1,1,5,574.0
0,no,2020020272,0,-7,-6,0,0.0,0.0,0.0,0.0,7,-2,13,1390.0
-2,no,2020020273,-2,-10,-1,6,0.0,0.0,-3.0,2.0,1,-2,-4,745.0
2,yes,2020020274,2,9,-7,0,25.0,1.0,0.0,1.7999999999999972,10,-7,12,1343.0
-5,no,2020020275,-5,-7,4,-4,-50.0,-1.0,2.0,13.799999999999997,-5,9,-9,1049.0
-1,no,2020020276,-1,-4,-8,-2,0.0,0.0,1.0,8.200000000000003,3,9,-7,453.0
-2,no,2020020277,-2,-2,-12,0,0.0,0.0,0.0,-6.400000000000006,4,2,5,1565.0
-1,no,2020020278,-1,-2,-15,-4,-66.7,0.0,2.0,-14.200000000000003,5,5,-6,-435.0
-3,no,2020020279,-3,3,1,2,-20.0,-1.0,-1.0,-14.200000000000003,3,3,7,142.0
-1,no,2020020280,-1,10,-3,0,0.0,0.0,0.0,18.599999999999994,7,18,-12,1952.0
1,yes,2020020281,1,-17,2,0,100.0,1.0,0.0,-20.799999999999997,11,4,-23,1419.0
-2,no,2020020282,-2,-22,10,6,-25.0,-1.0,-3.0,-21.799999999999997,2,6,-11,2487.0
-1,no,2020020283,-1,5,-4,-6,0.0,0.0,3.0,5.400000000000006,-5,6,0,-1507.0
-2,no,2020020284,-2,6,-2,6,-75.0,-3.0,-3.0,-3.4000000000000057,-1,12,27,337.0
6,yes,2020020285,6,-20,3,0,40.0,2.0,0.0,-16.400000000000006,-1,6,5,4376.0
0,no,2020020286,0,-9,0,-2,-16.700000000000003,0.0,1.0,4.400000000000006,7,9,-1,-488.0
1,yes,2020020287,1,10,3,-2,0.0,0.0,0.0,1.2000000000000028,-1,-2,-8,139.0
-2,no,2020020288,-2,1,-10,-2,16.700000000000003,1.0,1.0,-28.599999999999994,1,2,6,-1979.0
-4,no,2020020289,-4,-2,-2,-2,-50.0,-1.0,1.0,-21.400000000000006,-1,1,13,-802.0
4,yes,2020020290,4,16,8,0,0.0,0.0,0.0,3.799999999999997,5,-1,-8,-249.0
-2,no,2020020291,-2,4,-16,-2,0.0,0.0,1.0,14.200000000000003,0,-2,17,814.0
1,yes,2020020292,1,-12,8,2,-33.3,-1.0,-1.0,9.0,1,-1,4,-1213.0
1,yes,2020020293,1,7,4,-2,0.0,0.0,1.0,9.599999999999994,4,6,2,823.0
-1,no,2020020294,-1,3,-9,-2,-8.299999999999997,0.0,1.0,15.200000000000003,4,4,-8,601.0
-3,no,2020020295,-3,5,-3,0,-50.0,-1.0,0.0,0.0,1,6,2,-647.0
3,yes,2020020296,3,3,7,2,100.0,1.0,-1.0,-28.599999999999994,-1,2,10,220.0
-3,no,2020020297,-3,0,1,2,-50.0,-1.0,-1.0,19.200000000000003,-8,-9,19,-1446.0
-3,no,2020020298,-3,1,-10,-4,-40.0,-2.0,2.0,-21.400000000000006,3,8,-9,2156.0
-3,no,2020020299,-3,6,-6,4,-33.3,-1.0,-2.0,11.599999999999994,2,6,-2,525.0
1,yes,2020020300,1,-3,3,2,5.0,0.0,-1.0,-6.200000000000003,2,0,-1,379.0
-1,no,2020020301,-1,9,-9,-6,0.0,0.0,3.0,10.799999999999997,-1,15,6,-2088.0
-1,no,2020020302,-1,-15,3,0,-50.0,-1.0,0.0,-11.200000000000003,2,5,16,-187.0
-3,no,2020020303,-3,17,-7,2,0.0,0.0,-1.0,-1.4000000000000057,3,0,4,2217.0
0,no,2020020304,0,-4,8,0,25.0,1.0,0.0,-8.0,5,3,-1,1352.0
-2,no,2020020305,-2,-9,0,6,-50.0,-2.0,-3.0,-8.0,0,6,-17,-1488.0
0,no,2020020306,0,3,0,-2,50.0,2.0,1.0,-1.5999999999999943,4,1,-4,315.0
-1,no,2020020307,-1,4,-3,4,-25.0,-1.0,-2.0,15.599999999999994,0,6,-10,-1300.0
1,yes,2020020308,1,12,-8,-6,-15.0,0.0,3.0,27.200000000000003,2,-5,4,866.0
-1,no,2020020309,-1,16,2,-6,0.0,0.0,3.0,18.599999999999994,0,2,6,-2842.0
1,yes,2020020310,1,17,-4,-4,0.0,0.0,2.0,22.400000000000006,4,4,-16,1988.0
0,no,2020020311,0,-7,1,0,-50.0,-1.0,0.0,14.200000000000003,7,1,-6,-137.0
5,yes,2020020312,5,1,-8,-10,0.0,0.0,0.0,-6.200000000000003,-1,7,2,1265.0
3,yes,2020020313,3,7,-11,2,33.3,1.0,-1.0,22.799999999999997,-2,1,3,638.0
2,yes,2020020314,2,-10,8,0,0.0,0.0,0.0,-10.799999999999997,-1,1,5,1341.0
1,yes,2020020315,1,-4,4,2,-50.0,-1.0,-1.0,-11.400000000000006,0,-2,-3,810.0
-2,no,2020020316,-2,-1,-1,-2,0.0,0.0,1.0,33.400000000000006,-4,5,12,-316.0
3,yes,2020020317,3,-7,-4,0,-33.3,-1.0,0.0,15.799999999999997,4,7,2,-1638.0
5,yes,2020020318,5,1,6,0,0.0,0.0,0.0,-5.599999999999994,6,8,-4,2625.0
3,yes,2020020319,3,9,-4,-4,-25.0,0.0,2.0,19.200000000000003,3,-5,-4,1136.0
-3,no,2020020320,-3,-2,-5,2,-40.0,-2.0,-1.0,-13.799999999999997,-2,2,0,23.0
-1,no,2020020321,-1,-11,-1,2,-33.3,-1.0,-1.0,-17.200000000000003,1,4,3,2772.0
-3,no,2020020322,-3,-16,5,0,0.0,0.0,0.0,-24.599999999999994,2,-2,1,799.0
4,yes,2020020323,4,1,2,-2,25.0,1.0,1.0,1.5999999999999943,4,-7,4,463.0
2,yes,2020020324,2,2,8,0,0.0,0.0,0.0,-12.799999999999997,5,3,-4,396.0
-4,no,2020020325,-4,-7,-9,2,0.0,0.0,-1.0,19.400000000000006,-2,-9,13,-363.0
1,yes,2020020326,1,-6,3,4,25.0,0.0,-2.0,-14.200000000000003,2,2,0,1350.0
-3,no,2020020327,-3,0,-2,-2,33.3,1.0,1.0,-1.5999999999999943,-3,11,-7,-263.0
-1,no,2020020328,-1,-4,-4,8,80.0,0.0,-4.0,7.400000000000006,1,-1,7,1688.0
5,yes,2020020329,5,1,6,8,100.0,2.0,-4.0,-9.599999999999994,2,-2,0,1947.0
0,no,2020020330,0,-2,0,-2,-41.7,-1.0,1.0,-5.599999999999994,1,4,5,754.0
-2,no,2020020331,-2,4,-13,0,-100.0,-1.0,0.0,-17.599999999999994,1,6,1,2528.0
1,yes,2020020332,1,3,-8,-2,0.0,0.0,1.0,1.7999999999999972,-1,-2,-4,-769.0
-3,no,2020020333,-3,-4,7,-2,25.0,2.0,2.0,-2.799999999999997,8,4,8,37.0
1,yes,2020020334,1,-20,13,-2,33.3,1.0,1.0,5.799999999999997,1,5,-11,-2918.0
-4,no,2020020335,-4,1,-7,2,-100.0,-1.0,-1.0,-3.799999999999997,0,3,20,-2908.0
1,yes,2020020336,1,14,4,2,-50.0,-2.0,-1.0,-11.599999999999994,2,1,-2,265.0
-4,no,2020020337,-4,-16,10,2,-33.3,-1.0,-1.0,-13.200000000000003,-3,0,14,-911.0
-1,no,2020020338,-1,3,10,2,0.0,0.0,-2.0,15.200000000000003,1,-4,13,-308.0
-1,no,2020020339,-1,9,-1,-8,33.3,2.0,4.0,-34.400000000000006,2,1,-5,-2573.0
-3,no,2020020340,-3,-10,-5,-2,0.0,0.0,1.0,-19.0,-2,3,6,-312.0
2,yes,2020020341,2,10,-1,-6,40.0,2.0,3.0,11.200000000000003,-2,-1,7,-560.0
-3,no,2020020342,-3,-15,-4,6,0.0,0.0,2.0,-9.799999999999997,-2,5,-6,243.0
5,yes,2020020343,5,-14,2,0,0.0,0.0,0.0,0.0,8,8,2,-1437.0
2,yes,2020020344,2,0,2,4,100.0,1.0,-2.0,8.0,-4,5,-2,-645.0
-4,no,2020020345,-4,8,-9,2,-50.0,-1.0,-1.0,7.400000000000006,-3,-7,11,2229.0
-1,no,2020020346,-1,-2,-6,0,0.0,0.0,0.0,-34.599999999999994,0,2,5,-757.0
3,yes,2020020347,3,8,8,2,0.0,0.0,-1.0,-23.400000000000006,5,4,3,-448.0
-1,no,2020020348,-1,15,0,0,-33.3,-1.0,0.0,-1.7999999999999972,14,10,13,699.0
4,yes,2020020349,4,8,5,4,-33.3,-1.0,-2.0,-10.400000000000006,11,3,-1,390.0
-3,no,2020020350,-3,8,-7,15,-25.0,-1.0,0.0,15.599999999999994,0,1,6,-2314.0
1,yes,2020020351,1,9,-7,-6,66.7,2.0,3.0,20.599999999999994,-4,-3,14,2147.0
-1,no,2020020352,-1,-2,0,-2,-8.299999999999997,0.0,1.0,-3.0,-4,7,8,-481.0
4,yes,2020020353,4,-8,4,2,8.299999999999997,0.0,-1.0,-17.599999999999994,0,0,-8,1356.0
1,yes,2020020354,1,-5,8,-2,0.0,0.0,1.0,-18.200000000000003,6,-4,-1,-938.0
3,yes,2020020355,3,-15,4,4,33.3,1.0,-2.0,-24.200000000000003,2,0,-3,1795.0
3,yes,2020020356,3,16,-3,-4,-13.299999999999997,0.0,2.0,-13.799999999999997,1,5,-6,-1501.0
2,yes,2020020357,2,6,-12,0,66.7,2.0,0.0,-11.200000000000003,1,2,21,985.0
3,yes,2020020358,3,6,-2,-2,-16.700000000000003,0.0,1.0,-15.400000000000006,1,0,13,185.0
0,no,2020020359,0,-9,-3,0,0.0,0.0,0.0,3.4000000000000057,-4,0,-2,1264.0
-5,no,2020020360,-5,-5,-9,10,-40.0,-2.0,-5.0,-14.799999999999997,-1,5,21,-246.0
4,yes,2020020361,4,-9,-1,2,0.0,0.0,-1.0,8.400000000000006,3,6,2,-1992.0
-1,no,2020020362,-1,8,-5,0,-100.0,-3.0,0.0,-1.5999999999999943,3,-2,0,-1599.0
-4,no,2020020363,-4,-12,12,8,-25.0,-1.0,-1.0,-20.799999999999997,-2,7,0,96.0
-3,no,2020020364,-3,2,-1,4,-50.0,-1.0,-2.0,-1.4000000000000057,6,-4,9,2082.0
3,yes,2020020365,3,-3,-3,4,25.0,0.0,-2.0,14.599999999999994,3,6,-3,-1406.0
-1,no,2020020366,-1,-6,-3,0,-50.0,-1.0,0.0,0.0,2,8,-4,1445.0
-1,no,2020020367,-1,3,-9,-2,0.0,0.0,1.0,-20.0,0,-7,-11,324.0
-1,no,2020020368,-1,-3,-2,4,-50.0,-2.0,-2.0,28.400000000000006,2,1,1,-712.0
-1,no,2020020369,-1,9,-7,2,100.0,1.0,-1.0,17.599999999999994,2,4,18,1624.0
4,yes,2020020370,4,-3,3,10,-16.7,-1.0,-5.0,-5.200000000000003,6,3,0,-288.0
2,yes,2020020371,2,-4,5,2,100.0,1.0,-1.0,8.0,3,-5,2,-1874.0
-1,no,2020020372,-1,2,-6,0,0.0,0.0,0.0,10.599999999999994,2,3,7,1104.0
4,yes,2020020373,4,-7,2,12,0.0,0.0,-1.0,5.400000000000006,-4,-7,-12,380.0
-3,no,2020020374,-3,-1,-4,8,-20.0,-1.0,-4.0,8.400000000000006,-1,2,6,-1135.0
3,yes,2020020375,3,7,3,2,0.0,0.0,-1.0,-2.4000000000000057,0,-5,-6,163.0
0,no,2020020376,0,-15,11,2,3.3000000000000007,0.0,-1.0,11.400000000000006,1,3,-9,-1730.0
1,yes,2020020377,1,6,-7,-2,0.0,0.0,1.0,-9.0,0,0,0,2791.0
-4,no,2020020378,-4,-2,-8,2,0.0,0.0,-1.0,16.0,3,2,10,-55.0
-1,no,2020020379,-1,8,4,-2,-8.299999999999997,0.0,1.0,-8.599999999999994,3,0,-12,212.0
-1,no,2020020380,-1,2,7,-2,20.0,1.0,1.0,-14.200000000000003,5,7,17,-979.0
-4,no,2020020381,-4,-2,-5,4,25.0,0.0,-2.0,6.200000000000003,-1,1,-1,-1228.0
6,yes,2020020382,6,-1,3,2,-50.0,-1.0,-1.0,14.200000000000003,-2,13,-4,-1.0
1,yes,2020020383,1,-3,-10,2,-33.3,-1.0,-1.0,11.599999999999994,-3,3,2,-590.0
2,yes,2020020384,2,-8,8,-2,100.0,2.0,1.0,12.200000000000003,6,2,6,-1070.0
5,yes,2020020385,5,5,-7,-4,20.0,1.0,2.0,15.599999999999994,-2,6,5,-75.0
-1,no,2020020386,-1,6,-1,-2,-66.7,-1.0,1.0,1.4000000000000057,2,7,5,2272.0
3,yes,2020020387,3,-3,-10,-4,25.0,1.0,2.0,13.0,3,9,9,1341.0
1,yes,2020020388,1,9,-16,-2,-16.700000000000003,0.0,1.0,-6.200000000000003,-1,4,2,831.0
-4,no,2020020389,-4,-8,-2,2,0.0,0.0,-1.0,-6.400000000000006,-6,0,6,301.0
-1,no,2020020390,-1,-3,2,2,16.700000000000003,0.0,-1.0,12.599999999999994,-1,1,4,-237.0
3,yes,2020020391,3,4,-3,-2,0.0,0.0,1.0,13.200000000000003,-2,3,-1,-50.0
1,yes,2020020392,1,15,5,-2,41.7,2.0,1.0,8.200000000000003,0,-1,-7,1013.0
4,yes,2020020393,4,0,-1,-4,0.0,0.0,2.0,9.799999999999997,-4,7,-18,718.0
-3,no,2020020394,-3,-14,-4,8,-55.0,-3.0,-1.0,8.400000000000006,6,-3,-5,-922.0
0,no,2020020395,0,12,-11,-14,12.5,1.0,6.0,20.599999999999994,3,-1,5,2429.0
1,yes,2020020396,1,9,4,-12,33.3,1.0,1.0,19.200000000000003,-3,5,-4,-854.0
0,no,2020020397,0,-1,12,-2,-50.0,-1.0,1.0,15.799999999999997,6,9,-7,-748.0
2,yes,2020020398,2,-5,1,2,0.0,0.0,-1.0,-14.799999999999997,4,-2,2,-387.0
-1,no,2020020399,-1,21,-11,-4,-25.0,0.0,2.0,11.799999999999997,-4,3,-4,2245.0
1,yes,2020020400,1,-1,4,6,-50.0,-2.0,-3.0,-8.0,3,1,9,134.0
0,no,2020020401,0,-6,-1,0,0.0,0.0,0.0,-7.0,3,-3,-2,-618.0
0,no,2020020402,0,13,-13,-4,25.0,1.0,2.0,13.200000000000003,0,3,-5,2063.0
1,yes,2020020403,1,-1,-6,2,50.0,1.0,-1.0,-5.799999999999997,5,3,0,1706.0
1,yes,2020020404,1,12,-1,-2,33.3,2.0,1.0,22.0,2,0,7,930.0
2,yes,2020020405,2,-8,12,4,-33.3,-1.0,-2.0,-9.400000000000006,5,6,-21,1990.0
-2,no,2020020406,-2,7,5,2,-50.0,-2.0,-1.0,-19.200000000000003,2,4,-6,-473.0
-1,no,2020020407,-1,-6,-5,0,0.0,0.0,0.0,0.0,2,4,0,-1192.0
-1,no,2020020408,-1,16,-11,0,0.0,0.0,0.0,31.800000000000004,-5,-3,-13,1805.0
5,yes,2020020409,5,15,-3,-2,33.3,1.0,1.0,22.799999999999997,1,-1,-2,863.0
6,yes,2020020410,6,14,7,-6,50.0,2.0,3.0,13.400000000000006,-1,-5,-26,-2162.0
-4,no,2020020411,-4,-21,9,4,13.299999999999997,0.0,-2.0,15.200000000000003,3,4,-6,-2667.0
1,yes,2020020412,1,4,10,0,50.0,1.0,0.0,1.5999999999999943,4,6,-3,-424.0
1,yes,2020020413,1,32,-3,-6,0.0,0.0,3.0,-4.400000000000006,3,7,-5,3940.0
-4,no,2020020414,-4,-3,-10,0,-50.0,-2.0,0.0,13.799999999999997,-6,6,-3,-407.0
4,yes,2020020415,4,0,8,4,50.0,1.0,-2.0,9.400000000000006,3,-6,-3,2412.0
-3,no,2020020416,-3,-4,1,10,-50.0,-1.0,0.0,20.0,5,10,8,-175.0
2,yes,2020020417,2,11,4,-8,0.0,0.0,4.0,7.0,-2,-7,-6,-1458.0
-2,no,2020020418,-2,11,0,0,50.0,1.0,0.0,10.0,1,7,-1,3084.0
4,yes,2020020419,4,-7,2,-4,100.0,3.0,2.0,28.599999999999994,0,2,-13,-88.0
-1,no,2020020420,-1,0,1,0,0.0,0.0,0.0,-32.0,0,11,2,175.0
2,yes,2020020421,2,-21,14,4,-16.7,-1.0,-2.0,-21.200000000000003,0,3,-8,-5374.0
1,yes,2020020422,1,11,-12,2,0.0,0.0,-1.0,11.400000000000006,-1,5,-12,2523.0
1,yes,2020020423,1,11,0,-2,0.0,0.0,1.0,1.7999999999999972,13,4,-2,3403.0
-2,no,2020020424,-2,14,-9,0,-40.0,-2.0,0.0,8.0,4,1,10,2716.0
-1,no,2020020425,-1,-17,4,2,41.7,1.0,-1.0,-1.5999999999999943,1,-1,7,1680.0
4,yes,2020020426,4,12,7,-4,-25.0,0.0,2.0,11.200000000000003,5,2,-18,-3046.0
4,yes,2020020427,4,7,0,0,0.0,0.0,0.0,-31.0,-5,2,1,165.0
2,yes,2020020428,2,28,-14,2,0.0,0.0,-1.0,-1.5999999999999943,3,-5,-9,1938.0
-6,no,2020020429,-6,7,-3,2,-100.0,-2.0,-1.0,5.400000000000006,-3,-1,3,-983.0
-4,no,2020020430,-4,-15,2,0,0.0,0.0,0.0,15.200000000000003,0,-5,1,1740.0
-3,no,2020020431,-3,-10,1,0,-50.0,-1.0,0.0,-1.7999999999999972,3,-4,16,1148.0
-1,no,2020020432,-1,-1,-1,2,0.0,0.0,-1.0,8.0,4,5,-6,-533.0
-1,no,2020020433,-1,9,-7,-2,-16.700000000000003,0.0,1.0,8.599999999999994,-3,-1,11,1778.0
3,yes,2020020434,3,-3,-6,2,50.0,0.0,-1.0,0.0,-2,1,4,293.0
2,yes,2020020435,2,3,-4,4,0.0,0.0,-2.0,33.400000000000006,4,1,2,566.0
1,yes,2020020436,1,-4,9,0,0.0,0.0,0.0,17.599999999999994,0,5,-2,1062.0
-4,no,2020020437,-4,9,1,-4,0.0,0.0,2.0,-1.7999999999999972,-1,3,7,-283.0
-3,no,2020020438,-3,-10,-3,4,-50.0,-2.0,-1.0,8.799999999999997,7,15,-16,691.0
2,yes,2020020439,2,11,-6,-2,33.3,1.0,1.0,0.0,9,6,-7,585.0
1,yes,2020020440,1,-7,6,4,25.0,0.0,-2.0,19.200000000000003,3,9,7,-1436.0
-2,no,2020020441,-2,-6,-3,2,0.0,0.0,-1.0,-10.0,1,-4,3,1172.0
-1,no,2020020442,-1,-6,0,-2,0.0,0.0,1.0,-12.799999999999997,0,0,2,-1568.0
1,yes,2020020443,1,-5,8,-14,33.3,1.0,2.0,0.0,2,-1,16,463.0
3,yes,2020020444,3,12,0,0,33.3,1.0,0.0,5.200000000000003,-1,1,-4,886.0
3,yes,2020020445,3,13,9,8,0.0,0.0,-4.0,7.599999999999994,3,3,-5,-1466.0
-1,no,2020020446,-1,-6,-9,4,-40.0,-2.0,-2.0,-18.200000000000003,1,-2,12,72.0
1,yes,2020020447,1,15,-4,2,0.0,0.0,-1.0,20.799999999999997,10,1,4,193.0
-3,no,2020020448,-3,13,-4,-2,-50.0,-1.0,1.0,1.7999999999999972,2,1,3,-1681.0
3,yes,2020020449,3,7,1,2,66.7,2.0,-1.0,23.0,4,0,-4,1153.0
3,yes,2020020450,3,-17,-4,0,0.0,0.0,0.0,-14.799999999999997,1,0,-12,683.0
0,no,2020020451,0,-5,10,0,0.0,0.0,0.0,23.799999999999997,-2,6,3,362.0
-1,no,2020020452,-1,18,0,-6,0.0,0.0,3.0,0.0,0,4,17,-1393.0
-2,no,2020020453,-2,5,1,-2,16.700000000000003,1.0,1.0,4.400000000000006,-5,2,11,2329.0
1,yes,2020020454,1,-4,-2,-4,0.0,0.0,2.0,-23.400000000000006,6,0,-8,1087.0
1,yes,2020020455,1,12,-9,-4,33.3,1.0,2.0,-3.4000000000000057,2,8,14,1675.0
-1,no,2020020456,-1,8,0,0,0.0,0.0,0.0,-29.0,-3,3,-4,2030.0
1,yes,2020020457,1,-8,-2,-2,33.3,1.0,1.0,-22.0,2,2,-6,-312.0
2,yes,2020020458,2,0,9,-4,0.0,1.0,2.0,-22.0,10,7,-5,-189.0
-1,no,2020020459,-1,2,6,13,-25.0,-1.0,0.0,-16.400000000000006,7,3,-6,-210.0
2,yes,2020020460,2,-9,3,-6,0.0,1.0,3.0,-8.400000000000006,-1,6,2,-462.0
-4,no,2020020461,-4,0,-3,0,-50.0,-1.0,0.0,3.4000000000000057,1,2,21,-1138.0
9,yes,2020020462,9,3,0,-4,25.0,1.0,2.0,6.599999999999994,-2,8,-11,-239.0
0,no,2020020463,0,3,-12,0,0.0,0.0,0.0,-20.799999999999997,1,3,6,-301.0
1,yes,2020020464,1,-6,13,0,0.0,0.0,0.0,8.0,1,7,10,-2733.0
-4,no,2020020465,-4,3,-8,2,-41.7,-2.0,-1.0,-10.799999999999997,3,4,-1,1530.0
1,yes,2020020466,1,4,-4,-4,6.700000000000003,1.0,2.0,10.799999999999997,2,-4,-1,635.0
3,yes,2020020467,3,4,3,-2,50.0,1.0,1.0,17.799999999999997,-1,6,-12,-822.0
-3,no,2020020468,-3,-13,1,8,-40.0,-2.0,-4.0,-18.0,1,1,2,666.0
-1,no,2020020469,-1,-6,5,2,0.0,0.0,-1.0,17.400000000000006,1,7,8,324.0
-1,no,2020020470,-1,-1,-6,-4,33.3,1.0,2.0,4.799999999999997,1,-2,-8,1702.0
2,yes,2020020471,2,2,1,4,0.0,-1.0,-2.0,14.200000000000003,3,-3,11,-1094.0
-1,no,2020020472,-1,14,0,0,0.0,0.0,0.0,0.0,4,2,-7,2103.0
1,yes,2020020473,1,-19,-4,4,0.0,0.0,-2.0,-2.0,2,1,-12,-1165.0
1,yes,2020020474,1,-4,1,0,0.0,0.0,0.0,13.799999999999997,5,-1,11,1093.0
4,yes,2020020475,4,35,-3,4,25.0,0.0,-2.0,10.799999999999997,7,6,-3,1952.0
1,yes,2020020476,1,6,-11,2,33.3,1.0,-1.0,20.0,-2,4,-8,-1411.0
-2,no,2020020477,-2,-4,-9,-4,-50.0,-1.0,2.0,-14.200000000000003,2,16,-2,-1073.0
1,yes,2020020478,1,-15,-7,4,-33.3,-1.0,-2.0,14.200000000000003,5,0,9,-1485.0
-1,no,2020020479,-1,3,-10,-4,50.0,2.0,2.0,32.199999999999996,-3,9,16,-218.0
-1,no,2020020480,-1,9,-22,0,-33.3,-1.0,0.0,2.0,4,-2,-2,1364.0
-2,no,2020020481,-2,-8,-3,2,0.0,0.0,-1.0,13.200000000000003,0,6,9,-420.0
0,no,2020020482,0,-3,2,10,0.0,0.0,0.0,-23.599999999999994,3,-1,-6,1095.0
-2,no,2020020483,-2,-9,4,-4,0.0,0.0,2.0,-22.200000000000003,4,0,-6,301.0
5,yes,2020020484,5,4,-3,2,50.0,1.0,-1.0,21.0,3,-6,1,544.0
0,no,2020020485,0,6,-6,0,0.0,0.0,0.0,6.599999999999994,-2,-4,-11,9.0
3,yes,2020020486,3,-2,14,2,33.3,1.0,-1.0,1.7999999999999972,-1,1,4,419.0
2,yes,2020020487,2,28,-11,-4,0.0,0.0,2.0,-3.799999999999997,1,0,3,3625.0
-3,no,2020020488,-3,-12,5,2,-33.3,-1.0,-1.0,-19.200000000000003,1,5,3,-64.0
0,no,2020020489,0,22,-7,0,0.0,0.0,0.0,5.599999999999994,3,-3,2,2412.0
2,yes,2020020490,2,2,4,-2,0.0,0.0,1.0,-8.400000000000006,7,2,-13,-269.0
2,yes,2020020491,2,6,-14,-10,-33.3,-1.0,0.0,2.200000000000003,6,5,-1,-299.0
6,yes,2020020492,6,11,1,-6,50.0,1.0,-2.0,11.400000000000006,3,3,1,-159.0
-3,no,2020020493,-3,10,-6,4,-33.3,-1.0,-2.0,18.599999999999994,1,-3,-3,-828.0
-2,no,2020020494,-2,3,-2,6,-50.0,-2.0,-3.0,1.5999999999999943,2,1,-6,-1766.0
2,yes,2020020495,2,-11,9,4,50.0,1.0,-2.0,17.0,1,1,2,-2722.0
2,yes,2020020496,2,21,-3,-2,66.7,2.0,1.0,-11.200000000000003,3,4,3,2619.0
-3,no,2020020497,-3,-9,1,-2,0.0,0.0,1.0,2.200000000000003,-2,2,12,273.0
4,yes,2020020498,4,15,-10,-2,0.0,0.0,1.0,-1.7999999999999972,0,11,-10,356.0
1,yes,2020020499,1,-13,7,-2,0.0,0.0,1.0,-26.599999999999994,2,8,2,4360.0
-4,no,2020020500,-4,-7,5,0,0.0,0.0,0.0,-7.200000000000003,5,7,4,-182.0
1,yes,2020020501,1,-2,8,0,33.3,1.0,0.0,-5.400000000000006,-1,9,4,-1322.0
-4,no,2020020502,-4,-10,13,2,50.0,1.0,-1.0,-10.599999999999994,-2,3,16,850.0
1,yes,2020020503,1,-19,4,6,0.0,0.0,-3.0,14.200000000000003,2,-4,17,903.0
-1,no,2020020504,-1,1,2,2,8.299999999999997,0.0,-1.0,13.400000000000006,-2,3,6,-658.0
1,yes,2020020505,1,-3,3,-2,-16.700000000000003,0.0,1.0,0.0,-1,2,-18,-892.0
2,yes,2020020506,2,3,4,2,50.0,1.0,-1.0,1.7999999999999972,2,-2,-4,645.0
-1,no,2020020507,-1,-9,1,-2,-8.299999999999997,0.0,1.0,-4.599999999999994,-3,1,7,586.0
0,no,2020020508,0,-7,9,0,-25.0,-1.0,0.0,4.200000000000003,0,8,10,-652.0
3,yes,2020020509,3,14,-12,-4,0.0,0.0,2.0,6.200000000000003,2,5,-16,-2790.0
-1,no,2020020510,-1,-7,-3,-2,0.0,0.0,1.0,-27.0,1,2,-3,476.0
2,yes,2020020511,2,2,11,0,0.0,0.0,0.0,21.0,2,-5,9,1559.0
-4,no,2020020512,-4,3,-11,2,-66.7,-2.0,-1.0,7.400000000000006,5,11,3,1784.0
1,yes,2020020513,1,-4,4,-14,33.3,1.0,2.0,-28.800000000000004,-3,9,-5,-593.0
2,yes,2020020514,2,-16,4,-2,0.0,0.0,1.0,-3.4000000000000057,0,-2,6,5.0
-1,no,2020020515,-1,5,-4,-6,25.0,1.0,3.0,11.200000000000003,-2,0,-4,-668.0
-5,no,2020020516,-5,22,-10,14,6.700000000000003,-1.0,-2.0,0.0,4,3,5,2639.0
1,yes,2020020517,1,-2,6,2,-33.3,-1.0,-1.0,-6.599999999999994,-2,6,17,-290.0
-1,no,2020020518,-1,3,-2,-2,33.3,1.0,1.0,-8.799999999999997,-3,10,9,-642.0
3,yes,2020020519,3,-20,13,-4,33.3,1.0,-3.0,-1.7999999999999972,4,3,-4,-3474.0
6,yes,2020020520,6,9,-1,0,0.0,0.0,0.0,-1.7999999999999972,0,-2,0,-842.0
-1,no,2020020521,-1,-10,8,0,0.0,0.0,0.0,26.400000000000006,-1,5,14,1999.0
1,yes,2020020522,1,14,-1,-6,33.3,1.0,3.0,7.400000000000006,2,-1,0,2399.0
4,yes,2020020523,4,13,8,-6,25.0,1.0,3.0,-13.400000000000006,5,-1,-7,551.0
4,yes,2020020524,4,7,5,2,0.0,0.0,-1.0,-6.799999999999997,4,-1,4,6.0
-3,no,2020020525,-3,10,-3,-2,0.0,0.0,1.0,24.400000000000006,-5,0,-1,-1521.0
-1,no,2020020526,-1,7,-6,4,-66.7,-2.0,-2.0,22.799999999999997,-4,-8,-6,110.0
-1,no,2020020527,-1,-2,-13,4,-8.299999999999997,-1.0,-2.0,0.0,3,8,7,1231.0
3,yes,2020020528,3,6,-4,-4,-25.0,0.0,2.0,-4.0,3,6,-6,-1436.0
1,yes,2020020529,1,20,-5,-4,-75.0,0.0,3.0,34.599999999999994,0,-4,-16,-1340.0
1,yes,2020020530,1,12,-4,2,8.299999999999997,0.0,-1.0,32.0,4,-1,3,1008.0
1,yes,2020020531,1,18,5,-4,33.3,2.0,2.0,-20.0,-2,-8,-11,1887.0
4,yes,2020020532,4,-5,0,0,50.0,2.0,0.0,13.799999999999997,15,-2,-7,644.0
2,yes,2020020533,2,12,-6,-2,0.0,0.0,1.0,4.200000000000003,-1,-2,-10,446.0
-2,no,2020020534,-2,-4,-3,-4,0.0,0.0,2.0,4.200000000000003,-1,4,-5,359.0
-1,no,2020020535,-1,16,-1,-4,33.3,1.0,2.0,-5.200000000000003,6,4,-2,-2990.0
1,yes,2020020536,1,11,-4,-2,0.0,0.0,1.0,33.400000000000006,1,12,-19,459.0
2,yes,2020020537,2,9,2,0,50.0,1.0,0.0,-3.5999999999999943,-4,5,-3,924.0
-1,no,2020020538,-1,6,-1,0,-33.3,-1.0,0.0,-12.200000000000003,2,8,8,46.0
-1,no,2020020539,-1,-10,-7,4,-25.0,-1.0,-2.0,26.0,2,0,-10,-364.0
4,yes,2020020540,4,-7,-3,-23,16.7,1.0,5.0,-5.799999999999997,1,-5,-5,1179.0
-1,no,2020020541,-1,11,-4,0,0.0,0.0,0.0,28.599999999999994,-1,-7,5,-2440.0
1,yes,2020020542,1,2,13,2,-25.0,-1.0,-1.0,10.799999999999997,-1,-1,15,-808.0
4,yes,2020020543,4,4,-3,-2,0.0,0.0,1.0,-5.599999999999994,9,4,-5,-340.0
3,yes,2020020544,3,12,8,0,0.0,0.0,0.0,-12.0,1,1,-13,1263.0
-1,no,2020020545,-1,-2,1,-4,0.0,0.0,2.0,9.400000000000006,0,0,-14,438.0
-4,no,2020020546,-4,8,-8,0,-25.0,-1.0,0.0,-8.599999999999994,-2,-8,19,3132.0
-3,no,2020020547,-3,11,-5,2,8.299999999999997,0.0,-1.0,5.0,2,-11,6,1225.0
-1,no,2020020548,-1,-4,5,0,0.0,0.0,0.0,-8.400000000000006,2,6,2,257.0
1,yes,2020020549,1,-3,5,2,8.299999999999997,0.0,-1.0,13.0,3,6,-29,1143.0
-2,no,2020020550,-2,6,3,6,-28.6,-2.0,-3.0,16.0,-3,-2,4,-819.0
-1,no,2020020551,-1,8,4,0,0.0,0.0,0.0,11.599999999999994,3,2,-11,1204.0
-4,no,2020020552,-4,1,3,-4,25.0,1.0,2.0,0.0,4,3,5,2693.0
3,yes,2020020553,3,33,2,-18,16.7,1.0,4.0,0.0,-3,3,-2,3868.0
3,yes,2020020554,3,-1,4,0,33.3,1.0,0.0,-19.0,1,1,-1,-481.0
0,no,2020020555,0,14,-2,-2,0.0,0.0,1.0,17.0,-1,4,3,-1224.0
0,no,2020020556,0,13,-4,2,50.0,1.0,-1.0,1.4000000000000057,1,-5,2,-2447.0
5,yes,2020020557,5,-5,7,6,0.0,0.0,-3.0,-15.200000000000003,13,2,-2,3287.0
3,yes,2020020558,3,-5,2,-10,-33.3,-1.0,-1.0,-11.599999999999994,-1,1,5,-1314.0
-2,no,2020020559,-2,17,-7,-2,0.0,0.0,1.0,7.400000000000006,4,2,4,-3595.0
3,yes,2020020560,3,-3,-3,0,-25.0,-1.0,0.0,-2.0,12,1,2,223.0
3,yes,2020020561,3,-11,-8,0,50.0,2.0,0.0,9.400000000000006,4,11,-15,1312.0
1,yes,2020020562,1,-16,11,-2,50.0,1.0,1.0,-28.199999999999996,0,4,1,-3719.0
1,yes,2020020563,1,-9,4,0,0.0,0.0,0.0,-18.599999999999994,0,4,-5,545.0
4,yes,2020020564,4,3,4,-2,0.0,0.0,1.0,9.599999999999994,-2,2,6,2522.0
0,no,2020020565,0,17,11,0,-25.0,-1.0,0.0,-7.200000000000003,2,0,-1,616.0
-2,no,2020020566,-2,1,-6,2,25.0,1.0,-1.0,1.5999999999999943,5,-10,13,1075.0
-1,no,2020020567,-1,-1,5,14,50.0,2.0,-2.0,1.4000000000000057,2,2,-5,-1680.0
4,yes,2020020568,4,14,-12,-2,66.7,2.0,1.0,-6.400000000000006,8,0,2,1571.0
-2,no,2020020569,-2,12,-1,17,0.0,0.0,-2.0,1.7999999999999972,4,4,2,2312.0
2,yes,2020020570,2,5,-2,-2,33.3,1.0,1.0,1.7999999999999972,8,1,6,-160.0
-3,no,2020020571,-3,8,3,-2,0.0,0.0,1.0,14.799999999999997,-10,-2,6,-1501.0
-1,no,2020020572,-1,-24,6,6,0.0,0.0,-3.0,-15.599999999999994,7,-3,9,3569.0
4,yes,2020020573,4,11,7,-2,-100.0,-1.0,1.0,0.0,8,0,-6,-612.0
1,yes,2020020574,1,-4,1,-4,33.3,1.0,2.0,-2.200000000000003,2,2,4,-168.0
1,yes,2020020575,1,9,6,-4,25.0,1.0,2.0,0.0,1,4,11,1336.0
-1,no,2020020576,-1,-6,-1,-4,0.0,0.0,2.0,-5.599999999999994,3,-1,-16,-2108.0
-3,no,2020020577,-3,-9,1,8,-50.0,-1.0,1.0,-5.400000000000006,0,10,-5,-1146.0
-3,no,2020020578,-3,-15,-2,2,50.0,1.0,-1.0,3.5999999999999943,0,9,5,625.0
0,no,2020020579,0,0,-2,-2,-33.3,-1.0,1.0,1.7999999999999972,5,5,8,-1767.0
-1,no,2020020580,-1,-17,-2,0,0.0,0.0,0.0,-13.400000000000006,-1,5,0,2003.0
0,no,2020020581,0,-6,-6,2,0.0,0.0,-1.0,-15.400000000000006,4,-4,21,-1761.0
1,yes,2020020582,1,-1,-1,-6,40.0,2.0,3.0,-13.599999999999994,0,0,-17,1145.0
-2,no,2020020583,-2,-2,-3,0,0.0,0.0,0.0,12.400000000000006,0,4,-8,107.0
-3,no,2020020584,-3,-6,-1,2,0.0,0.0,-1.0,9.599999999999994,0,5,2,-357.0
2,yes,2020020585,2,0,1,2,0.0,0.0,0.0,19.200000000000003,1,-9,3,634.0
0,no,2020020586,0,-1,-10,2,-33.3,-1.0,-1.0,8.799999999999997,9,0,-14,-321.0
0,no,2020020587,0,-8,8,-4,20.0,1.0,2.0,10.0,-3,2,-6,1021.0
-1,no,2020020588,-1,18,-1,2,-50.0,-1.0,-1.0,20.599999999999994,-1,9,-10,2962.0
1,yes,2020020589,1,3,-4,-2,0.0,0.0,1.0,-19.200000000000003,-2,0,5,-1782.0
3,yes,2020020590,3,-7,-3,-6,0.0,0.0,3.0,5.200000000000003,-6,8,-12,-925.0
3,yes,2020020591,3,-20,-1,6,100.0,1.0,-3.0,13.799999999999997,0,2,11,2205.0
-3,no,2020020592,-3,6,-5,-6,-30.0,0.0,3.0,17.400000000000006,-3,-3,6,2533.0
-3,no,2020020593,-3,15,-7,-2,20.0,1.0,1.0,-6.799999999999997,-1,7,3,-2392.0
1,yes,2020020594,1,6,-7,-2,0.0,0.0,1.0,3.5999999999999943,0,3,-12,1870.0
-1,no,2020020595,-1,1,-15,0,-33.3,-1.0,0.0,0.0,3,5,-7,-78.0
-1,no,2020020596,-1,14,5,0,0.0,0.0,0.0,-6.599999999999994,2,4,-5,2233.0
-1,no,2020020597,-1,20,-9,-2,-33.3,-1.0,1.0,6.0,0,-1,-4,-1636.0
1,yes,2020020598,1,10,-6,-2,0.0,0.0,1.0,18.400000000000006,-2,3,19,2859.0
-4,no,2020020599,-4,10,-9,-2,-50.0,-1.0,1.0,3.799999999999997,1,-1,-3,-2137.0
3,yes,2020020600,3,3,3,4,0.0,0.0,-2.0,24.200000000000003,2,8,-12,1073.0
3,yes,2020020601,3,-2,6,10,-20.0,-1.0,0.0,3.799999999999997,4,3,-3,1506.0
-2,no,2020020602,-2,9,-5,-4,0.0,0.0,2.0,29.0,-2,0,8,2151.0
-2,no,2020020603,-2,4,-12,0,0.0,0.0,0.0,-4.0,7,-1,11,1512.0
-1,no,2020020604,-1,-11,8,-2,0.0,0.0,1.0,-9.799999999999997,-5,4,-4,181.0
1,yes,2020020605,1,-9,-2,4,50.0,1.0,-2.0,-1.7999999999999972,0,4,4,-2717.0
-5,no,2020020606,-5,-1,0,-2,0.0,0.0,1.0,15.200000000000003,2,4,9,108.0
1,yes,2020020607,1,9,-5,4,-25.0,-1.0,-2.0,30.800000000000004,4,-3,0,232.0
-2,no,2020020608,-2,-1,-3,6,-25.0,-1.0,-3.0,12.200000000000003,0,-4,11,207.0
-1,no,2020020609,-1,-11,1,16,0.0,1.0,3.0,-5.200000000000003,-4,7,7,-785.0
-3,no,2020020610,-3,5,3,6,-16.700000000000003,-2.0,-3.0,20.0,0,6,-1,1584.0
-2,no,2020020611,-2,12,-1,-2,-16.700000000000003,0.0,1.0,-7.599999999999994,2,1,-9,-1823.0
1,yes,2020020612,1,10,6,0,0.0,0.0,0.0,1.7999999999999972,5,-6,6,-1733.0
4,yes,2020020613,4,-20,7,0,66.7,2.0,0.0,-18.0,9,8,8,-2991.0
-2,no,2020020614,-2,16,-3,-2,-50.0,-1.0,1.0,13.0,-1,3,-12,3181.0
3,yes,2020020615,3,0,-4,-4,50.0,2.0,2.0,16.200000000000003,2,6,-5,1662.0
2,yes,2020020616,2,-8,9,-2,20.0,1.0,1.0,3.200000000000003,4,4,5,2368.0
0,no,2020020617,0,-4,-1,4,-25.0,-1.0,-2.0,-36.400000000000006,0,2,-15,-771.0
2,yes,2020020618,2,1,1,-2,0.0,0.0,1.0,10.799999999999997,4,4,-12,-1589.0
5,yes,2020020619,5,12,-10,0,0.0,0.0,0.0,4.200000000000003,0,-1,4,175.0
2,yes,2020020620,2,-16,13,6,0.0,0.0,-3.0,3.4000000000000057,3,6,4,3750.0
-2,no,2020020621,-2,-5,-7,2,-33.3,-1.0,-1.0,23.400000000000006,-1,-3,10,1488.0
1,yes,2020020622,1,-2,4,0,0.0,0.0,0.0,-11.200000000000003,6,16,-8,-759.0
5,yes,2020020623,5,-13,9,4,51.4,2.0,-2.0,-1.4000000000000057,5,-1,6,-1957.0
1,yes,2020020624,1,3,2,2,0.0,0.0,-1.0,21.599999999999994,-3,10,-2,798.0
-3,no,2020020625,-3,-11,5,2,-16.700000000000003,-1.0,-1.0,-3.799999999999997,2,-1,4,1574.0
0,no,2020020626,0,-4,9,-15,0.0,0.0,1.0,-11.799999999999997,2,0,15,423.0
-3,no,2020020627,-3,-8,5,0,0.0,0.0,0.0,-17.799999999999997,0,7,-3,-179.0
-2,no,2020020628,-2,1,-9,-6,3.6000000000000014,1.0,3.0,-16.599999999999994,-5,4,7,497.0
3,yes,2020020629,3,-2,1,0,25.0,1.0,0.0,-16.599999999999994,1,6,-15,137.0
-2,no,2020020630,-2,6,6,-6,-25.0,-1.0,-2.0,-13.400000000000006,8,3,8,337.0
-6,no,2020020631,-6,-6,-9,-12,0.0,0.0,1.0,-45.0,1,1,-3,46.0
-4,no,2020020632,-4,5,-13,0,-66.7,-2.0,0.0,-15.400000000000006,-2,2,-15,2114.0
-2,no,2020020633,-2,11,3,2,0.0,0.0,-1.0,17.200000000000003,1,-8,7,994.0
4,yes,2020020634,4,7,1,8,-20.0,-1.0,-3.0,5.0,-1,3,-3,114.0
-1,no,2020020635,-1,-8,8,0,25.0,1.0,0.0,12.799999999999997,6,8,0,940.0
-3,no,2020020636,-3,-4,-6,-2,0.0,0.0,1.0,0.0,0,3,9,-1492.0
8,yes,2020020637,8,13,6,0,50.0,1.0,0.0,9.400000000000006,2,0,-11,229.0
-2,no,2020020638,-2,17,-3,-2,-100.0,-1.0,1.0,9.799999999999997,-1,-3,3,-1097.0
3,yes,2020020639,3,11,7,0,0.0,0.0,0.0,1.7999999999999972,-4,3,-18,-483.0
-2,no,2020020640,-2,-7,4,2,0.0,0.0,-1.0,4.400000000000006,-2,4,11,728.0
3,yes,2020020641,3,-5,4,0,0.0,0.0,0.0,-15.200000000000003,6,1,5,2437.0
0,no,2020020642,0,6,-4,0,0.0,0.0,0.0,3.4000000000000057,3,-1,1,2449.0
-1,no,2020020643,-1,-2,-8,8,-20.0,-1.0,-4.0,-8.400000000000006,1,-1,3,395.0
-3,no,2020020644,-3,2,-2,8,0.0,0.0,-1.0,5.200000000000003,3,4,13,-1612.0
-5,no,2020020645,-5,-6,0,14,-40.0,-2.0,-2.0,-17.400000000000006,-2,13,16,-490.0
1,yes,2020020646,1,6,-4,2,-50.0,-1.0,-1.0,0.0,8,4,-8,1529.0
3,yes,2020020647,3,3,-4,-6,25.0,1.0,3.0,-22.799999999999997,1,6,-4,293.0
3,yes,2020020648,3,-1,21,2,8.299999999999997,0.0,-1.0,8.400000000000006,6,-4,8,-2274.0
-2,no,2020020649,-2,2,-10,0,0.0,0.0,0.0,-3.4000000000000057,2,4,4,-416.0
-3,no,2020020650,-3,6,0,-2,-100.0,-1.0,1.0,5.200000000000003,0,6,5,-1423.0
1,yes,2020020651,1,6,3,0,33.3,1.0,0.0,17.0,-1,-3,6,806.0
-2,no,2020020652,-2,12,3,4,100.0,1.0,-2.0,10.799999999999997,2,-2,-4,1777.0
1,yes,2020020653,1,7,-11,0,0.0,0.0,0.0,24.400000000000006,1,5,6,223.0
1,yes,2020020654,1,0,-6,-2,-16.700000000000003,0.0,1.0,9.400000000000006,3,-5,-3,227.0
1,yes,2020020655,1,15,2,-2,0.0,0.0,1.0,30.599999999999994,-5,9,-9,1353.0
-3,no,2020020656,-3,-12,7,4,-25.0,-1.0,-2.0,0.0,-3,4,4,1603.0
-2,no,2020020657,-2,8,-11,2,-20.0,-1.0,-1.0,16.200000000000003,1,2,1,2798.0
-1,no,2020020658,-1,-1,-3,16,-33.3,-1.0,-3.0,-14.200000000000003,5,8,6,660.0
5,yes,2020020659,5,-1,15,-2,-50.0,-1.0,1.0,38.199999999999996,3,3,5,781.0
2,yes,2020020660,2,0,5,0,50.0,1.0,0.0,-2.0,3,9,-1,-1394.0
2,yes,2020020661,2,-2,13,6,30.0,0.0,-3.0,-24.0,4,-4,1,920.0
1,yes,2020020662,1,9,-2,2,50.0,2.0,-1.0,5.799999999999997,-1,-4,5,-679.0
-2,no,2020020663,-2,-13,-4,-4,-50.0,-1.0,2.0,1.7999999999999972,-1,3,0,-624.0
-4,no,2020020664,-4,25,-9,-6,0.0,0.0,3.0,10.799999999999997,2,4,10,-3552.0
3,yes,2020020665,3,22,-12,-4,20.0,1.0,2.0,0.0,-1,-2,-11,-1684.0
-3,no,2020020666,-3,7,-7,-4,0.0,0.0,2.0,19.0,-6,2,3,-1087.0
2,yes,2020020667,2,-2,-7,2,50.0,0.0,-1.0,2.5999999999999943,3,1,5,733.0
1,yes,2020020668,1,5,-2,2,41.7,1.0,-1.0,-29.400000000000006,4,4,3,-134.0
-1,no,2020020669,-1,-2,1,0,-50.0,-1.0,0.0,12.0,1,5,2,627.0
-1,no,2020020670,-1,-5,1,2,-25.0,-1.0,-1.0,17.599999999999994,-3,8,4,-812.0
-3,no,2020020671,-3,-7,-4,-2,0.0,0.0,1.0,-20.0,-5,8,17,-1821.0
-1,no,2020020672,-1,-6,1,-4,-13.299999999999997,0.0,2.0,-7.400000000000006,4,5,-4,-1289.0
-3,no,2020020673,-3,-9,10,-2,0.0,0.0,1.0,10.200000000000003,-8,4,6,-685.0
-4,no,2020020674,-4,-10,10,0,100.0,1.0,0.0,-7.200000000000003,-1,-3,11,1000.0
-3,no,2020020675,-3,1,6,2,-25.0,-1.0,-1.0,10.0,-1,8,15,-1481.0
4,yes,2020020676,4,17,13,2,0.0,0.0,-1.0,-6.599999999999994,1,1,6,-560.0
-3,no,2020020677,-3,-1,-4,-2,0.0,0.0,1.0,22.400000000000006,-3,10,15,1580.0
3,yes,2020020678,3,9,4,2,33.3,1.0,-1.0,-3.4000000000000057,4,11,0,598.0
1,yes,2020020679,1,-19,-4,2,50.0,1.0,-1.0,-32.0,4,1,9,1654.0
0,no,2020020680,0,5,-7,0,0.0,0.0,0.0,-3.0,4,3,-9,-1183.0
3,yes,2020020681,3,3,18,4,0.0,0.0,-2.0,23.799999999999997,0,4,10,175.0
-3,no,2020020682,-3,9,-3,-2,-66.7,-2.0,1.0,14.799999999999997,3,7,-17,2435.0
3,yes,2020020683,3,13,-11,0,0.0,0.0,0.0,32.0,6,0,-3,831.0
-3,no,2020020684,-3,-2,-4,-2,-50.0,-1.0,1.0,4.200000000000003,0,1,13,-573.0
3,yes,2020020685,3,3,-2,4,0.0,0.0,-2.0,-1.7999999999999972,-1,-9,-6,2042.0
1,yes,2020020686,1,-9,0,0,0.0,0.0,0.0,-6.400000000000006,2,20,12,-794.0
1,yes,2020020687,1,-4,3,-4,0.0,0.0,2.0,21.799999999999997,-1,6,-10,169.0
6,yes,2020020688,6,19,2,-4,25.0,1.0,2.0,21.400000000000006,2,2,1,2553.0
-4,no,2020020689,-4,-35,6,4,0.0,0.0,-2.0,0.0,-1,3,12,3765.0
-1,no,2020020690,-1,-11,-2,2,50.0,0.0,-1.0,6.599999999999994,1,-2,-1,2201.0
3,yes,2020020691,3,-3,4,0,66.7,2.0,0.0,-19.200000000000003,-5,5,-7,-2149.0
-3,no,2020020692,-3,-16,3,2,-15.0,-1.0,-1.0,21.400000000000006,-1,4,7,-2229.0
2,yes,2020020693,2,20,-3,0,0.0,0.0,0.0,9.400000000000006,-4,-2,-2,3247.0
-2,no,2020020694,-2,-1,-5,2,-33.3,-1.0,-1.0,14.799999999999997,-1,2,3,-682.0
-4,no,2020020695,-4,2,-3,-8,0.0,0.0,4.0,5.400000000000006,-5,10,-4,2016.0
-3,no,2020020696,-3,1,5,6,-33.3,-2.0,-3.0,13.0,-6,-3,13,-116.0
1,yes,2020020697,1,-15,10,17,-25.0,-1.0,-3.0,-6.200000000000003,-2,2,-2,-3497.0
3,yes,2020020698,3,0,-1,-4,25.0,1.0,2.0,-16.0,0,8,-5,-594.0
4,yes,2020020699,4,10,-3,-14,0.0,0.0,2.0,27.799999999999997,1,-4,-5,1742.0
1,yes,2020020700,1,7,13,-4,-66.7,0.0,2.0,-13.200000000000003,5,-2,-13,-921.0
3,yes,2020020701,3,-5,3,-7,-33.3,-2.0,-3.0,9.0,-3,-4,-5,5782.0
-2,no,2020020702,-2,5,0,18,-40.0,-2.0,-4.0,14.200000000000003,-4,9,-8,278.0
-1,no,2020020703,-1,2,-5,2,0.0,0.0,-1.0,19.200000000000003,7,-3,-2,271.0
4,yes,2020020704,4,21,-10,10,0.0,0.0,0.0,-23.599999999999994,2,2,-5,3047.0
-3,no,2020020705,-3,6,-9,-2,-33.3,-1.0,1.0,12.200000000000003,-1,1,7,-691.0
1,yes,2020020706,1,9,-4,2,16.700000000000003,0.0,-1.0,-4.400000000000006,1,4,2,750.0
2,yes,2020020707,2,3,7,10,0.0,0.0,0.0,25.400000000000006,7,12,1,539.0
-2,no,2020020708,-2,8,-2,-4,-50.0,-1.0,2.0,15.400000000000006,0,9,8,1497.0
3,yes,2020020709,3,13,2,-4,0.0,0.0,2.0,5.599999999999994,1,4,11,-1348.0
3,yes,2020020710,3,-11,2,0,0.0,0.0,0.0,9.0,0,-4,-10,-1161.0
0,no,2020020711,0,14,-5,-2,50.0,1.0,1.0,14.200000000000003,8,7,3,1149.0
-3,no,2020020712,-3,0,-4,4,-66.7,-2.0,-2.0,37.0,1,8,21,-1906.0
0,no,2020020713,0,9,6,-6,40.0,2.0,3.0,5.0,5,0,-4,113.0
-7,no,2020020714,-7,2,-4,4,-25.0,-2.0,-2.0,7.599999999999994,-11,-4,12,-370.0
2,yes,2020020715,2,-7,-2,-4,25.0,1.0,2.0,8.200000000000003,-1,2,9,1980.0
2,yes,2020020716,2,-3,10,0,100.0,2.0,0.0,-11.400000000000006,1,5,6,456.0
5,yes,2020020717,5,2,9,-2,33.3,1.0,1.0,30.199999999999996,-1,3,-9,-544.0
-3,no,2020020718,-3,-9,2,2,0.0,0.0,-1.0,5.0,2,3,6,262.0
4,yes,2020020719,4,-1,1,-2,-100.0,-1.0,1.0,17.0,3,1,-2,1180.0
5,yes,2020020720,5,16,-3,4,100.0,1.0,-2.0,-14.799999999999997,1,6,8,367.0
-1,no,2020020721,-1,-6,-14,0,0.0,0.0,0.0,28.400000000000006,-9,0,-5,-232.0
3,yes,2020020722,3,-2,11,0,0.0,0.0,0.0,-11.200000000000003,2,-3,7,-1794.0
1,yes,2020020723,1,12,1,-2,13.299999999999997,1.0,1.0,1.7999999999999972,-1,-2,-1,2327.0
3,yes,2020020724,3,-3,12,2,0.0,0.0,-1.0,10.400000000000006,-6,5,-10,-1689.0
1,yes,2020020725,1,-10,-9,-4,0.0,0.0,2.0,-15.400000000000006,-3,-2,-7,-257.0
-2,no,2020020726,-2,4,-8,-2,0.0,0.0,1.0,11.200000000000003,0,-2,9,1468.0
-3,no,2020020727,-3,17,-14,-2,50.0,1.0,1.0,3.4000000000000057,6,-1,3,-3828.0
3,yes,2020020728,3,7,2,0,33.3,1.0,0.0,-15.200000000000003,2,6,-11,572.0
-4,no,2020020729,-4,-8,-3,-6,0.0,0.0,3.0,1.7999999999999972,4,-1,1,4.0
0,no,2020020730,0,-2,10,2,0.0,0.0,-1.0,-2.4000000000000057,-2,5,-3,-97.0
2,yes,2020020731,2,3,-11,-4,-100.0,-1.0,2.0,31.0,3,-1,1,-969.0
-2,no,2020020732,-2,5,-16,-12,-22.199999999999996,0.0,6.0,9.400000000000006,2,13,10,1904.0
4,yes,2020020733,4,-8,0,6,0.0,0.0,-3.0,7.0,1,3,-4,1432.0
4,yes,2020020734,4,-23,13,6,-50.0,-2.0,-3.0,-1.5999999999999943,2,7,3,-3295.0
-2,no,2020020735,-2,-2,-16,0,0.0,0.0,0.0,9.0,2,0,4,-308.0
2,yes,2020020736,2,11,2,0,100.0,1.0,0.0,22.799999999999997,-1,5,-8,1309.0
-3,no,2020020737,-3,6,-6,10,-50.0,-2.0,0.0,29.0,-4,4,-4,836.0
2,yes,2020020738,2,-6,10,-4,66.7,2.0,2.0,-9.0,7,-5,4,1266.0
3,yes,2020020739,3,-3,4,0,50.0,1.0,0.0,-19.200000000000003,4,4,7,-1536.0
-2,no,2020020740,-2,2,6,2,0.0,0.0,-1.0,-13.200000000000003,1,3,-7,-1022.0
2,yes,2020020741,2,-12,6,2,0.0,0.0,-1.0,-4.400000000000006,4,2,11,-367.0
-1,no,2020020742,-1,19,-10,-2,-41.7,-1.0,1.0,25.0,-1,7,-15,2245.0
-4,no,2020020743,-4,-1,-3,0,-33.3,-1.0,0.0,-1.4000000000000057,0,-5,6,-144.0
-3,no,2020020744,-3,-6,0,-2,100.0,2.0,1.0,1.7999999999999972,-1,0,8,616.0
1,yes,2020020745,1,17,-2,2,-20.0,-1.0,-1.0,-25.0,7,2,-7,1888.0
2,yes,2020020746,2,1,1,2,100.0,1.0,-1.0,22.0,1,6,-3,56.0
-1,no,2020020747,-1,-35,10,6,0.0,0.0,-3.0,-22.799999999999997,-2,3,-1,-4138.0
2,yes,2020020748,2,-1,7,2,-15.0,-1.0,-1.0,9.400000000000006,-2,6,11,2638.0
-3,no,2020020749,-3,-11,1,2,0.0,0.0,-1.0,2.0,2,2,10,-876.0
3,yes,2020020750,3,2,11,4,-25.0,-1.0,-2.0,-3.200000000000003,-3,6,-6,-897.0
2,yes,2020020751,2,6,10,4,25.0,1.0,-2.0,37.0,3,5,2,-1164.0
-4,no,2020020752,-4,-14,-10,0,-50.0,-1.0,0.0,-15.799999999999997,-2,5,-16,-107.0
-3,no,2020020753,-3,4,7,6,-33.3,-1.0,-3.0,14.799999999999997,0,1,14,1078.0
3,yes,2020020754,3,-5,8,2,41.7,1.0,-1.0,-8.400000000000006,3,12,14,-1440.0
-1,no,2020020755,-1,17,-3,-2,0.0,0.0,1.0,29.199999999999996,-2,8,-2,1364.0
1,yes,2020020756,1,12,-4,-6,25.0,1.0,3.0,0.0,1,-1,-1,-3211.0
1,yes,2020020757,1,-1,-6,-2,0.0,0.0,1.0,3.5999999999999943,2,4,0,-1246.0
3,yes,2020020758,3,-13,8,0,50.0,1.0,0.0,9.400000000000006,7,10,4,2187.0
1,yes,2020020759,1,1,-3,0,0.0,0.0,0.0,-17.400000000000006,-2,4,9,-12.0
-5,no,2020020760,-5,7,-2,-2,50.0,1.0,1.0,0.0,3,-2,3,2222.0
-1,no,2020020761,-1,-2,4,0,0.0,0.0,0.0,4.200000000000003,2,8,6,883.0
-1,no,2020020762,-1,9,-10,-8,-50.0,-1.0,-1.0,5.0,2,-1,5,-182.0
1,yes,2020020763,1,-1,9,2,100.0,1.0,-1.0,15.799999999999997,1,5,6,28.0
-1,no,2020020764,-1,16,-2,-2,0.0,0.0,1.0,15.400000000000006,14,4,-4,2739.0
3,yes,2020020765,3,3,1,-2,0.0,0.0,1.0,2.200000000000003,-1,-1,-7,-443.0
2,yes,2020020766,2,9,0,-2,0.0,0.0,1.0,-12.799999999999997,-2,-6,-16,98.0
0,no,2020020767,0,-3,-3,2,33.3,1.0,-1.0,17.200000000000003,1,-1,3,2565.0
2,yes,2020020768,2,4,9,-2,-16.700000000000003,0.0,1.0,0.0,-2,-1,12,880.0
-2,no,2020020769,-2,10,3,-4,0.0,0.0,3.0,11.599999999999994,-2,-3,-10,2006.0
-2,no,2020020770,-2,-5,-14,-4,0.0,0.0,2.0,-13.400000000000006,4,2,-25,-1598.0
0,no,2020020771,0,-8,-10,-2,0.0,0.0,1.0,-4.0,2,1,-5,-1735.0
-3,no,2020020772,-3,10,-9,4,-10.7,0.0,3.0,1.5999999999999943,-3,-1,-4,1575.0
-3,no,2020020773,-3,-25,9,6,-60.0,-3.0,-3.0,-10.799999999999997,-1,-2,4,1902.0
-4,no,2020020774,-4,-2,4,0,-66.7,-2.0,0.0,9.0,0,9,-6,198.0
-3,no,2020020775,-3,4,-11,2,-33.3,-1.0,-1.0,32.0,2,2,5,1520.0
3,yes,2020020776,3,11,-3,-2,0.0,0.0,1.0,4.0,3,-3,-2,-385.0
-2,no,2020020777,-2,3,7,4,-66.7,-2.0,-2.0,7.200000000000003,-1,1,14,915.0
-1,no,2020020778,-1,-3,1,2,-100.0,-2.0,-1.0,-3.5999999999999943,-2,2,9,751.0
3,yes,2020020779,3,-11,5,0,25.0,1.0,0.0,-1.7999999999999972,9,-4,-18,-2103.0
-1,no,2020020780,-1,8,-9,-6,20.0,1.0,3.0,2.200000000000003,0,1,-16,6.0
2,yes,2020020781,2,1,4,0,0.0,0.0,0.0,-8.799999999999997,2,4,-10,2191.0
3,yes,2020020782,3,9,2,0,50.0,1.0,0.0,17.200000000000003,-4,2,-6,-711.0
2,yes,2020020783,2,-5,3,-4,0.0,1.0,2.0,-20.0,1,7,-5,1322.0
-4,no,2020020784,-4,-2,-5,0,-50.0,-1.0,0.0,-28.0,-1,7,3,91.0
-1,no,2020020785,-1,2,0,0,33.3,1.0,0.0,-1.4000000000000057,-1,0,18,-557.0
2,yes,2020020786,2,15,-10,-4,0.0,0.0,2.0,-1.7999999999999972,0,-1,4,1545.0
-1,no,2020020787,-1,-12,2,4,-25.0,-1.0,-2.0,0.0,-1,0,-4,-1879.0
0,no,2020020788,0,-6,-3,4,0.0,0.0,-2.0,0.0,1,2,11,333.0
-2,no,2020020789,-2,1,4,-4,0.0,0.0,2.0,-3.4000000000000057,1,0,-16,-1149.0
4,yes,2020020790,4,-4,0,6,0.0,0.0,-3.0,7.0,-3,-1,6,2506.0
2,yes,2020020791,2,13,-6,-2,66.7,2.0,1.0,-18.599999999999994,-2,1,0,1592.0
3,yes,2020020792,3,8,1,4,-50.0,-1.0,-2.0,-10.599999999999994,7,-1,-1,499.0
3,yes,2020020793,3,15,-8,0,50.0,2.0,0.0,20.0,-2,-3,0,1779.0
3,yes,2020020794,3,7,4,0,0.0,0.0,0.0,13.799999999999997,1,5,25,-120.0
-1,no,2020020795,-1,9,-4,-6,0.0,0.0,3.0,11.799999999999997,1,0,-3,-1880.0
4,yes,2020020796,4,24,1,-4,25.0,1.0,2.0,-6.0,1,-3,6,-2179.0
3,yes,2020020797,3,-3,5,2,0.0,0.0,-1.0,-2.799999999999997,1,1,4,346.0
-3,no,2020020798,-3,11,-7,0,0.0,0.0,0.0,3.5999999999999943,-2,-5,12,1745.0
-3,no,2020020799,-3,-2,-2,2,0.0,0.0,-1.0,-13.200000000000003,-6,5,13,-64.0
1,yes,2020020800,1,1,-9,2,0.0,0.0,-1.0,28.400000000000006,0,3,-9,1466.0
0,no,2020020801,0,-18,5,2,0.0,0.0,-1.0,-5.599999999999994,-1,3,3,-6680.0
-1,no,2020020802,-1,-7,5,-6,50.0,2.0,3.0,-10.799999999999997,0,2,4,-1264.0
4,yes,2020020803,4,7,-1,-4,75.0,3.0,2.0,2.0,4,5,-4,398.0
1,yes,2020020804,1,6,-5,-2,0.0,0.0,1.0,-2.0,10,-1,7,-336.0
1,yes,2020020805,1,16,-9,-2,33.3,1.0,1.0,28.800000000000004,-1,-8,3,1044.0
4,yes,2020020806,4,3,7,0,0.0,0.0,0.0,-16.599999999999994,-2,-3,2,-1208.0
3,yes,2020020807,3,-1,10,2,50.0,1.0,-1.0,29.599999999999994,-2,1,-13,1116.0
1,yes,2020020808,1,19,-9,0,-25.0,-1.0,0.0,18.0,1,0,-4,2361.0
-1,no,2020020809,-1,-13,9,2,5.0,0.0,-1.0,-7.400000000000006,1,4,18,402.0
4,yes,2020020810,4,8,-4,0,0.0,0.0,0.0,1.7999999999999972,1,-6,7,680.0
-1,no,2020020811,-1,-19,1,-4,0.0,0.0,2.0,-6.599999999999994,2,9,-2,-1712.0
2,yes,2020020812,2,4,11,-4,33.3,1.0,2.0,-7.200000000000003,-3,-7,-7,1420.0
-3,no,2020020813,-3,-22,-3,0,0.0,0.0,0.0,1.7999999999999972,6,7,-11,1725.0
-3,no,2020020814,-3,-14,0,-12,25.0,1.0,1.0,-6.799999999999997,2,2,-4,-41.0
5,yes,2020020815,5,8,-4,2,-16.700000000000003,-1.0,-1.0,36.199999999999996,-3,-5,-2,781.0
3,yes,2020020816,3,21,-5,0,33.3,1.0,0.0,20.0,-2,3,2,2071.0
-1,no,2020020817,-1,-6,0,2,8.299999999999997,0.0,-1.0,-11.599999999999994,3,0,-8,51.0
2,yes,2020020818,2,12,4,0,50.0,1.0,0.0,-1.7999999999999972,1,-2,-1,-887.0
1,yes,2020020819,1,-6,10,-2,25.0,1.0,1.0,3.799999999999997,-2,11,11,-74.0
1,yes,2020020820,1,-11,10,6,0.0,0.0,-3.0,-27.0,3,1,3,1085.0
1,yes,2020020821,1,0,2,2,16.700000000000003,0.0,-1.0,-13.400000000000006,0,-3,5,117.0
-1,no,2020020822,-1,8,-11,0,0.0,0.0,0.0,9.0,7,2,-6,-2385.0
-1,no,2020020823,-1,-4,12,4,0.0,0.0,-2.0,-18.599999999999994,9,-3,9,2119.0
0,no,2020020824,0,-17,3,0,0.0,0.0,0.0,-28.400000000000006,4,3,-3,3585.0
1,yes,2020020825,1,-15,1,-2,-8.299999999999997,0.0,1.0,-28.199999999999996,1,3,-8,2308.0
-4,no,2020020826,-4,2,7,4,-66.7,-2.0,-2.0,13.0,2,6,7,1246.0
3,yes,2020020827,3,-2,-6,0,0.0,0.0,0.0,15.200000000000003,3,0,2,954.0
2,yes,2020020828,2,-8,-3,0,-20.0,-1.0,0.0,20.599999999999994,5,-1,2,778.0
-2,no,2020020829,-2,-9,0,0,0.0,0.0,0.0,3.5999999999999943,-2,-3,6,-267.0
-2,no,2020020830,-2,-14,8,29,-28.6,-2.0,-5.0,-29.800000000000004,3,3,7,-3045.0
2,yes,2020020831,2,-5,5,-2,50.0,1.0,1.0,-1.7999999999999972,3,2,0,2599.0
0,no,2020020832,0,-9,3,-2,33.3,1.0,1.0,20.599999999999994,-2,-3,-6,563.0
1,yes,2020020833,1,-5,4,2,-20.0,-1.0,-1.0,-14.200000000000003,-2,-2,1,-482.0
-4,no,2020020834,-4,13,0,-4,-33.3,-1.0,2.0,-4.200000000000003,1,12,10,1795.0
-1,no,2020020835,-1,-6,11,0,-33.3,-1.0,0.0,-8.400000000000006,5,5,2,-715.0
-2,no,2020020836,-2,8,-5,-6,25.0,1.0,3.0,12.799999999999997,1,0,8,-3010.0
1,yes,2020020837,1,1,14,-4,25.0,1.0,2.0,-6.400000000000006,0,2,11,1267.0
4,yes,2020020838,4,19,-5,-2,50.0,1.0,1.0,14.799999999999997,6,-5,-5,-1779.0
-1,no,2020020839,-1,8,-5,-2,0.0,0.0,1.0,22.400000000000006,-3,-4,17,-1451.0
-2,no,2020020840,-2,1,-1,2,0.0,0.0,-1.0,-14.200000000000003,6,-1,2,350.0
4,yes,2020020841,4,0,1,0,0.0,0.0,0.0,-22.799999999999997,10,14,-6,-1089.0
4,yes,2020020842,4,11,-2,2,50.0,0.0,-1.0,4.0,2,4,-7,-1849.0
2,yes,2020020843,2,-14,1,-4,50.0,1.0,2.0,-13.0,-3,2,-1,-1781.0
-3,no,2020020844,-3,2,1,-2,-66.7,-2.0,1.0,-2.0,7,6,-1,2.0
-3,no,2020020845,-3,-12,5,2,-50.0,-1.0,-1.0,-41.0,8,5,-3,416.0
5,yes,2020020846,5,-3,3,0,25.0,1.0,0.0,11.200000000000003,1,-5,8,-1077.0
3,yes,2020020847,3,14,4,-2,0.0,0.0,1.0,11.200000000000003,9,8,-23,866.0
1,yes,2020020848,1,23,-12,2,8.299999999999997,0.0,-1.0,34.599999999999994,4,2,-11,1781.0
5,yes,2020020849,5,15,-3,-4,25.0,1.0,2.0,-11.799999999999997,0,-3,-2,2253.0
1,yes,2020020850,1,11,6,-4,0.0,0.0,2.0,0.0,1,7,-4,1818.0
1,yes,2020020851,1,10,0,-4,0.0,0.0,2.0,-14.799999999999997,-11,-2,-16,699.0
-1,no,2020020852,-1,-20,11,6,-25.0,-1.0,-3.0,-9.0,0,-1,4,-2593.0
-3,no,2020020853,-3,-6,-3,-2,-50.0,-1.0,1.0,8.200000000000003,4,4,0,823.0
-1,no,2020020854,-1,16,-15,-4,33.3,1.0,2.0,3.4000000000000057,0,-5,-1,-2898.0
4,yes,2020020855,4,3,-9,-2,33.3,1.0,1.0,9.0,1,-2,2,-2539.0
1,yes,2020020856,1,11,-2,-2,0.0,0.0,2.0,-24.0,-3,3,-3,746.0
4,yes,2020020857,4,6,-4,-2,16.7,1.0,1.0,-5.599999999999994,-2,-8,2,-571.0
1,yes,2020020858,1,-6,-1,-2,0.0,0.0,1.0,2.200000000000003,10,3,0,242.0
1,yes,2020020859,1,-1,2,2,-100.0,-1.0,-1.0,8.0,6,2,9,967.0
-1,no,2020020860,-1,-27,6,-2,-33.3,-1.0,1.0,-13.0,-1,2,-1,-3045.0
2,yes,2020020861,2,8,10,-4,0.0,0.0,2.0,-10.200000000000003,-5,4,9,-716.0
1,yes,2020020862,1,3,5,2,0.0,0.0,-1.0,25.0,1,3,-5,-657.0
-2,no,2020020863,-2,6,0,0,-50.0,-1.0,0.0,-4.400000000000006,3,9,12,395.0
2,yes,2020020864,2,-16,2,0,0.0,0.0,0.0,-5.0,-3,0,-9,-1434.0
1,yes,2020020865,1,3,7,-6,25.0,1.0,3.0,-1.7999999999999972,7,3,1,947.0
3,yes,2020020866,3,8,-1,-2,25.0,1.0,1.0,-14.200000000000003,0,-9,-17,-113.0
-1,no,2020020867,-1,-12,-1,2,-33.3,-1.0,-1.0,15.599999999999994,-4,-2,-7,-1376.0
-1,no,2020020868,-1,16,-2,0,-50.0,-1.0,0.0,-3.200000000000003,1,3,-1,-1777.0
